,hotel,star,review,preprocessed_review,date
0,신라스테이 역삼,5,"2주에 한번씩 이용하는 신라스테이 역삼~~ 모두 다 좋은데 확실히 연식이 조금 되다보니 샤워기나 욕실 부분이 특히 조금 낡았긴 했어요ㅋ 그렇지만 회사에서 가깝고, 직원분들이 친절해서 정말 자주 이용합니당 이번엔 와인 칠링 키트도 받았어욤ㅋㅋ",주에 한 번씩 이용하는 신라스테이 역삼 모두 다 좋은데 확실히 연식이 조금 되다 보니 샤워기나 욕실 부분이 특히 조금 낡았긴 했어요 그렇지만 회사에서 가깝고 직원분들이 친절해서 정말 자주 이용합니다 이번엔 와인 칠링 키트도 받았어요,2021. 08. 17
1,신라스테이 역삼,5,"호캉스는 여기 좋내요
조식을 못먹어서 아쉽내요 늦게 일어나서 ㅠ",호캉스는 여기 좋네요 조식을 못 먹어서 아쉽네요 늦게 일어나서 ,2021. 08. 02
2,신라스테이 역삼,5,친절한 직원 깔끔한 시설 좋은 위치접근성 좋았어요!,친절한 직원 깔끔한 시설 좋은 위치 접근성 좋았어요,2021. 08. 01
3,신라스테이 역삼,5,좋은 룸컨디션과 넉넉한 주차공간 좋았어요!,좋은 룸 컨디션과 넉넉한 주차공간 좋았어요,2021. 07. 15
4,신라스테이 역삼,5,"제주도 가기전에 이틀읓 신라스테이에서 묵었는데 너무 편하게 잘 머물렀습니다 ㅎㅎ
이날 생각보다 사람도 많더라구요^^
조식도시락도 맛나게 먹고 ㅋㅋ 
역시 신라스테이 가성비 쵝오에 좋아요 ㅎㅎ",제주도 가기 전에 이틀읓 신라스테이에서 묵었는데 너무 편하게 잘 머물렀습니다 이날 생각보다 사람도 많더라고요 조식 도시락도 맛나게 먹고  역시 신라스테이  구성비  최고에 좋아요 ,2021. 07. 05
5,신라스테이 역삼,5,코엑스에서 가까워 좋았다. 바로 앞에 초밥집이 있는데 맛있었다.조식도 가성비가 좋았다고 생각한다,코엑스에서 가까워 좋았다 바로 앞에 초밥집이 있는데 맛있었다 조식도  구성비 가 좋았다고 생각한다,2021. 06. 29
6,신라스테이 역삼,5,친절하시고 거리도 적당하고 좋았습니다,친절하시고 거리도 적당하고 좋았습니다,2021. 06. 22
7,신라스테이 역삼,5,날씨가 좋아서 11층인데도 경치가 좋네요!!!,날씨가 좋아서 층인데도 경치가 좋네요,2021. 06. 21
8,신라스테이 역삼,5,항상 쾌적하고 편안하게 이용하고 있습니다!,항상 쾌적하고 편안하게 이용하고 있습니다,2021. 06. 16
9,신라스테이 역삼,5,근교 호캉스 할때 자주 이용해요 늘 좋습니다 ㅎ,근교 호캉스 할 때 자주 이용해요 늘 좋습니다 ,2021. 06. 13
10,신라스테이 역삼,5,푹 자고 갑니다~ 특별히 불편한 점 없었어요,푹 자고 갑니다 특별히 불편한 점 없었어요,2021. 06. 02
11,신라스테이 역삼,5,친절하시고 편하게 쉬다 왔습니다,친절하시고 편하게 쉬다 왔습니다,2021. 05. 29
12,신라스테이 역삼,5,좋았어요 티비가 잘 안되는거 빼면 깨끗하고 좋았습니다,좋았어요 티브이가 잘 안되는 거 빼면 깨끗하고 좋았습니다,2021. 05. 20
13,신라스테이 역삼,5,아늑하고 깔끔하구 좋았습니다! 다음에 또 이용할게요!!😊,아늑하고 깔끔하고 좋았습니다 다음에 또 이용할게요,2021. 04. 25
14,신라스테이 역삼,5,생각보다 작았으나 이용하는데 불편함은없었어요 미니바도 좋았어요 조식도 디너도 괜찮았습니다,생각보다 작았으나 이용하는데 불편함은 없었어요 미니바도 좋았어요 조식도 디너도 괜찮았습니다,2021. 04. 18
15,신라스테이 역삼,5,깨끗학느 어메니티 좋고 최고입니다,깨끗학느 어메니티 좋고 최고입니다,2021. 03. 24
16,신라스테이 역삼,5,늘 기분좋은 경험하며 갑니다.,늘 기분 좋은 경험하며 갑니다,2021. 03. 09
17,신라스테이 역삼,5,친절하고 깔끔하고 만족합니다:),친절하고 깔끔하고 만족합니다,2021. 03. 06
18,신라스테이 역삼,5,아주 좋았네여 굳굳굳 짱짱 왕왕,아주 좋았네요 굳굳굳 짱짱 왕왕,2021. 03. 05
19,신라스테이 역삼,5,깔끔하고 서비스 좋습니다 클리닝 서비스 안되는건 단점,깔끔하고 서비스 좋습니다 클리닝 서비스 안되는 건 단점,2021. 02. 25
20,신라스테이 역삼,5,호텔 맞은편 버드나무집 점심이 맛있습니다.,호텔 맞은편 버드나무집 점심이 맛있습니다,2021. 02. 09
21,신라스테이 역삼,5,너무 좋아요 뷰도 좋고 혼자 지내기에 정말 훌륭합니다,너무 좋아요 경치도 좋고 혼자 지내기에 정말 훌륭합니다,2021. 02. 07
22,신라스테이 역삼,5,다른 호텔에 비해 넓진 않지만 깔끔하고 좋았습니다,다른 호텔에 비해 넓진 않지만 깔끔하고 좋았습니다,2021. 02. 05
23,신라스테이 역삼,5,"친절도는 최고고 방도최고로좋았어요
하지만최로로괜찮았던거는 조식입니다
조식은 고급이었고 맛은 일품입니다 
추천합니다",친절도는 최고고 방도 최고로 좋았어요 하지만 최소로 괜찮았던 거는 조식입니다 조식은 고급이었고 맛은 일품입니다 추천합니다,2021. 02. 03
24,신라스테이 역삼,5,다음에 또 재방문 의사 있습니다. 그런데 방음이 안됐어요ㅠㅠ,다음에 또 재방문 의사 있습니다 그런데 방음이 안됐어요,2021. 01. 18
25,신라스테이 역삼,5,좋았어용 ㅎㅎ 담에 또 갈래요~~~~,좋았어요  담에 또 갈래요,2021. 01. 09
26,신라스테이 역삼,5,다 좋은데 너무 추워요... 커튼쳐도 바람이 너무들어와요 620호 와우 드라이기랑 수건 너덜거리고,다 좋은데 너무 추워요 커튼 쳐도 바람이 너무 들어와요 호 와우 드라이기랑 수건 너덜거리고,2021. 01. 03
27,신라스테이 역삼,5,룸 옵션 원하는것 있는지 물어봐주시고 친절합니다. 어매니티도 아베다라서 맘에 드네요. 다만 주차 5천원 비용 발생은 미리 공지 부탁드려요.^^,룸 옵션 원하는 것 있는지 물어봐 주시고 친절합니다 어메니티도 아베다라서 맘에 드네요 다만 주차 천원 비용 발생은 미리 공지 부탁드려요,2020. 12. 26
28,신라스테이 역삼,5,주차장이 넓고 편해서 좋네요,주차장이 넓고 편해서 좋네요,2020. 12. 13
29,신라스테이 역삼,5,위치도 좋고 침대도 편했어요 잘쉬다가 갑니다,위치도 좋고 침대도 편했어요 잘 쉬다가 갑니다,2020. 11. 09
30,신라스테이 역삼,5,"가을겨울 히터 넘 틀어서 덥고, 지이이이인짜 건조하다... 겨울엔 가습기쫌 설치했으면",가을겨울 히터 너무 틀어서 덥고 지이 이이인 짜 건조하다 겨울엔 가습기 좀 설치했으면,2020. 10. 27
31,신라스테이 역삼,5,일단 너무 좋았어요...방이 좀 작은거빼곤,일단 너무 좋았어요 방이 좀 작은 거 빼곤,2020. 10. 11
32,신라스테이 역삼,5,출장시 이용했는데 최적이었습니다.,출장 시 이용했는데 최적이었습니다,2020. 09. 21
33,신라스테이 역삼,5,매번 이용하지만 너무 편하고 좋아여,매번 이용하지만 너무 편하고 좋아요,2020. 09. 13
34,신라스테이 역삼,5,역시 신라 이름답네요 좋았어요 조식도 코로나땜에 이용불가해서 도시락으로 대체해주고 다음에 쓸수있는 쿠폰주셨습니당,역시 신라 이름답네요 좋았어요 조식도 코로나 땜에 이용불가해서 도시락으로 대체해주고 다음에 쓸 수 있는 쿠폰 주셨습니다,2020. 09. 02
35,신라스테이 역삼,5,체크인하는게 너무 힘들었어요,체크인하는 게 너무 힘들었어요,2020. 08. 28
36,신라스테이 역삼,5,처음으로 가봤는데 시설도 괜찮고 잘 쉬고왔어요,처음으로 가봤는데 시설도 괜찮고 잘 쉬고 왔어요,2020. 08. 15
37,신라스테이 역삼,5,너무좋아요 나중에 다시올게요~,너무 좋아요 나중에 다시 올게요,2020. 08. 11
38,신라스테이 역삼,5,너무좋아요 쾌적하고 깔끔하고 다 좋아요,너무 좋아요 쾌적하고 깔끔하고 다 좋아요,2020. 07. 29
39,신라스테이 역삼,5,위치가 좋았습니다. 신라스테이는 항상 만족합니다.,위치가 좋았습니다 신라스테이는 항상 만족합니다,2020. 06. 29
40,신라스테이 역삼,5,두번짼데 항상 깔끔해요! 잘 머물다 갑니다,두 번짼데 항상 깔끔해요 잘 머물다 갑니다,2020. 06. 10
41,신라스테이 역삼,5,시설역시최고 접근성최고  역시 신라최고입니디,시설 역시 최고 접근성 최고  역시 신라 최고입니디,2020. 05. 11
42,신라스테이 역삼,5,침구류 깔끔하고 직원도 친절하니.좋습니다,침구류 깔끔하고 직원도 친절하니 좋습니다,2020. 05. 03
43,신라스테이 역삼,5,화장실에서 샤워하고 나왔더니 밖이 물바다였어요 ㅠㅠ 그거 빼곤 좋았어요,화장실에서 샤워하고 나왔더니 밖이 물바다였어요  그거 빼곤 좋았어요,2020. 05. 01
44,신라스테이 역삼,5,바로앞에 버정있음 칫솔 치약줘서 해피해피,바로 앞에 버정 있음 칫솔 치약 줘서 해피 해피,2020. 03. 30
45,신라스테이 역삼,5,역시 신라입니다 ㅋㅋ 좋아요,역시 신라입니다  좋아요,2020. 03. 20
46,신라스테이 역삼,5,좋아요좋아요좋아요진짜좋아요 ㅎㅎㅎㅎㅎㅎㅁ,좋아요 좋아요 좋아요 진짜 좋아요,2020. 03. 20
47,신라스테이 역삼,5,일단수서역이랑 넘가깝고 조용해서 딱 볼일만보고가기 좋아요!!!!!!!!다음에또이용할생각 있어요!,일단 수서역이랑 너무 가깝고 조용해서 딱 볼일만 보고가 기 좋아 요다음에 또 이용할 생각 있어요,2020. 03. 17
48,신라스테이 역삼,5,헬스장도 작지만 깔끔하고 조식은 쌀국수가 넘 맛있어요,헬스장도 작지만 깔끔하고 조식은 쌀국수가 너무 맛있어요,2020. 03. 02
49,신라스테이 역삼,5,코로나땜에 불안햇지만 ㅠㅠ 좋앗어영 위치도 좋고,코로나 땜에 불안했지만  좋았어요 위치도 좋고,2020. 02. 21
50,신라스테이 역삼,5,신라스테이 깔끔하고 좋은 호텔이라 자주 이용합니다.,신라스테이 깔끔하고 좋은 호텔이라 자주 이용합니다,2020. 02. 09
51,신라스테이 역삼,5,"방 깨끗하고 좋았어요
다만 도로근처라서 그런지모르겠지만 밖에 차소리가 들려요 방음이 좀 부족합니다",방 깨끗하고 좋았어요 다만 도로 근처라서 그런지 모르겠지만 밖에 차소리가 들려요 방음이 좀 부족합니다,2020. 01. 05
52,신라스테이 역삼,5,"깔끔, 조용하고 교통 접근 용이",깔끔 조용하고 교통 접근 용이,2020. 01. 01
53,신라스테이 역삼,5,"직원분들 매우 친절, 침대 푹신, 룸 컨디션도 청결했음. 근데 조식 기대했는데 그냥 그랬음 ㅠㅠ 다음에도 또 체크인 할 생각 있음 갠찮음",직원분들 매우 친절 침대 푹신 룸 컨디션도 청결했음 근데 조식 기대했는데 그냥 그랬음  다음에도 또 체크인할 생각 있으면 괜찮음,2019. 09. 23
54,신라스테이 역삼,5,너무 깔끔하고 좋았어요 편안히 잘 쉬고 왔습니다,너무 깔끔하고 좋았어요 편안히 잘 쉬고 왔습니다,2019. 09. 13
55,신라스테이 역삼,5,너무좋았습니다 역시 신라스테이,너무 좋았습니다 역시 신라스테이,2019. 08. 18
56,신라스테이 역삼,5,조식 패키지로 잘 자고 왔습니다 만족해요,조식 패키지로 잘 자고 왔습니다 만족해요,2019. 07. 08
57,신라스테이 역삼,5,"신라의 명성에 맞는 경험이였습니다.
부족한것 하나없이 많은 부분에서 쾌적하였으며, 조식을 추가하여 이용하였는데, 푸드의 가짓수는 물론 퀄리티까지 정말 흠잡을곳이 없었습니다.

※전기차 충전이 불가능합니다. 이점 참고바랍니다.",신라의 명성에 맞는 경험이었습니다 부족한 것 하나 없이 많은 부분에서 쾌적하였으며 조식을 추가하여 이용하였는데 푸드의 가짓수는 물론 퀄리티까지 정말 흠잡을 곳이 없었습니다 전기차 충전이 불가능합니다 이점 참고 바랍니다,2019. 04. 08
58,신라스테이 역삼,5,"역시 신라스테이네요.
말이 필요없습니다",역시 신라스테이네요 말이 필요 없습니다,2019. 04. 01
59,신라스테이 역삼,5,작지만 깔끔하고 직원분들도 친절했습니다.,작지만 깔끔하고 직원분들도 친절했습니다,2019. 01. 27
60,신라스테이 역삼,5,조식이 맛있었어요.. 나머지는 무난했습니다,조식이 맛있었어요 나머지는 무난했습니다,2018. 12. 02
61,신라스테이 역삼,5,전반적으로 깔끔하나 위치가 다소 아쉽습니다.. 조식은 맛있었어요,전반적으로 깔끔하나 위치가 다소 아쉽습니다 조식은 맛있었어요,2018. 12. 02
62,신라스테이 역삼,5,언제나 굿입니다. 올 때마다 깨끗하고 친절하고.,언제나 굿입니다 올 때마다 깨끗하고 친절하고,2018. 11. 05
63,신라스테이 역삼,5,어메니티도 좋고 다 좋았어요ㅎㅎ,어메니티도 좋고 다 좋았어요,2018. 08. 25
64,신라스테이 역삼,5,딱 적당히 머물고 가기 좋은 호텔이였습니다.,딱 적당히 머물고 가기 좋은 호텔이었습니다,2018. 08. 19
65,신라스테이 역삼,5,"친절하도 시설도 좋았습니다 
방음이 좀 안되는데 흠이네요ㅠ",친절하도 시설도 좋았습니다 방음이 좀 안되는데 흠이네요,2018. 08. 16
66,신라스테이 역삼,5,위치도 좋고 깨끗하고 시원했습니당,위치도 좋고 깨끗하고 시원했습니다,2018. 08. 15
67,신라스테이 역삼,5,"위치가 조금 애매했을 수도있지만 가면 있을거 다있고 깔끔하고 편했어요. 직원들이 친절하게 잘 해주셨어요! 
재방문 의사 있습니다~",위치가 조금 애매했을 수도 있지만 가면 있을 거 다 있고 깔끔하고 편했어요 직원들이 친절하게 잘 해주셨어요 재방문 의사 있습니다,2018. 07. 04
68,신라스테이 역삼,5,늘 깨끗하고 주차 편리.... 조식도 만족 합니다,늘 깨끗하고 주차 편리 조식도 만족합니다,2018. 06. 14
69,신라스테이 역삼,5,역삼역에서 가서 좀 걷기는 했지만 날이 더워 그렇지 그렇게 어엄청 먼 거리는 아니에요 바로 아래에 세븐일레븐이 있어서 필요한 것들을 사서 올라가기는 편합니다 룸컨디션 좋았고요 깔끔했습니다 방이 큰 편은 아니지만 침대 쿠션감도 좋았고 베개도 좋았습니다 티비가 좀 더 컸으면 좋았을 거 같긴 해요 다만 소파 위치가 뭘 먹으면서 앉아있기에는 불편한 위치로 놓여있어서 침대 옆 테이블을 옮겨서 침대에 앉아서 배달 음식을 먹어서 조금 불편했습니다 이렇듯 작은듯 적당한 방입니다 그치만 전체적으로 매우 만족합니다,역삼역에서 가서 좀 걷기는 했지만 날이 더워 그렇지 그렇게 어 엄청 먼 거리는 아니에요 바로 아래에 세븐일레븐이 있어서 필요한 것들을 사서 올라가기는 편합니다 룸 컨디션 좋았고요 깔끔했습니다 방이 큰 편은 아니지만 침대 쿠션감도 좋았고 베개도 좋았습니다 티브이가 좀 더 컸으면 좋았을 거 같긴 해요 다만 소파 위치가 뭘 먹으면서 앉아있기에는 불편한 위치로 놓여있어서 침대 옆 테이블을 옮겨서 침대에 앉아서 배달 음식을 먹어서 조금 불편했습니다 이렇듯 작은 듯 적당한 방입니다 그렇지만 전체적으로 매우 만족합니다,2018. 06. 03
70,신라스테이 역삼,5,체크인시 너무 무성의한 직원분 이외의 룸컨디션은 만족하였습니다:),체크인 시 너무 무성의한 직원분 이외의 룸 컨디션은 만족하였습니다,2018. 04. 10
71,카파스 호텔,5,근방 호텔 중에 가성비가 젤 조은듯,근방 호텔 중에  구성비 가 젤 조은 듯,2021. 03. 25
72,카파스 호텔,5,재방문입니다 지난번때너무편히쉬고가서또재방문했습니다,재방문입니다 지난번 때 너무 편히 쉬고 가서 또 재방문했습니다,2020. 12. 02
73,카파스 호텔,5,"한번 방문하고 넘 좋아서 
요기만 이용하는 중이에요!
특히나 일하시는 분들이 너무 친절+전문적 이세요
대접받는 느낌을 받게 해주세요 ㅎㅎ..
웬만한 호텔보다 더 괜찮아요
혹시나 매니저분이 댓글 보신다면 
칫솔이 넘 빳빳해서 아퍼요ㅠㅠ더보기",한번 방문하고 너무 좋아서 요기만 이용하는 중이에요 특히 나 일하시는 분들이 너무 친절 전문적이세요 대접받는 느낌을 받게 해주세요 웬만한 호텔보다 더 괜찮아요 혹시나 매니저분이 댓글 보신다면 칫솔이 너무 빳빳해서 아파요 ,2020. 09. 26
74,카파스 호텔,5,만족스러워서 또 방문했습니다^^,만족스러워서 또 방문했습니다,2020. 08. 26
75,카파스 호텔,5,객실도 깔끔하고 룸서비스도 맛있었어요.,객실도 깔끔하고 룸서비스도 맛있었어요,2020. 05. 14
76,카파스 호텔,5,"생각보다 넓고 스파욕조도 있어서 거품반신욕까지 할수있어서 너무좋더라고요
다만 조금아쉬웠던것은, 창문이있지만 시티뷰는아니였다는것인데 숙박면에서는 어메니티부터 시설까지 추천하는 호텔이될것같아요",생각보다 넓고 스파 욕조도 있어서 거품 반신욕까지 할 수 있어서 너무 좋더라고요 다만 조금 아쉬웠던 것은 창문이 있지만 시티 부는 아니었다는 것인데 숙박 면에서는 어메니티부터 시설까지 추천하는 호텔이 될 것 같아요,2020. 05. 09
77,카파스 호텔,5,깔끔하니 서비스고 너무 좋았습니당,깔끔하니 서비스고 너무 좋았습니다,2020. 05. 06
78,카파스 호텔,5,깔끔하고 방도 이쁘고 좋았습니다.,깔끔하고 방도 이쁘고 좋았습니다,2020. 02. 01
79,카파스 호텔,5,"출장땜에 3일간 머물렀는데 방도 따뜻하고 청결했고
매니저분들이 친절하고 조식도 맛있었네요~
다음에 가족들이랑 꼭 다시 오고 싶네요!^^",출장 땜에 일간 머물렀는데 방도 따뜻하고 청결했고 매니저분들이 친절하고 조식도 맛있었네 요다음에 가족들이랑 꼭 다시 오고 싶네요,2020. 01. 30
80,카파스 호텔,5,"조식 먹는 곳도 분위기 좋고 넘나 맛났습니다~
호텔 내부도 너무 맘에 들어요
근데 저희 방만 그랬던건지 문이 보통 신발 벗고 하나 더 있는데 
그 문이 없어서 잘 때 비상등 때문에 좀 눈부셨어요..",조식 먹는 곳도 분위기 좋고 넘나 맛났습니다 호텔 내부도 너무 맘에 들어요 근데 저희 방만 그랬던 건지 문이 보통 신발 벗고 하나 더 있는데 그 문이 없어서 잘 때 비상등 때문에 좀 눈부셨어요,2020. 01. 02
81,카파스 호텔,5,사진과 달라서 아쉬웠지만 빠른체크인과 넉넉한 체크 아웃시간덕분에 잘쉬다갑니다~!,사진과 달라서 아쉬웠지만 빠른 체크인과 넉넉한 체크아웃 시간 덕분에 잘 쉬다 갑니다,2019. 11. 15
82,카파스 호텔,5,콘센트가 너무 적었어요. 그거빼곤 다 좋았습니다,콘센트가 너무 적었어요 그거 빼곤 다 좋았습니다,2019. 08. 09
83,카파스 호텔,5,카파스 좋아요 다시올것같아요,카파 스 좋아요 다시 올 것 같아요,2019. 06. 23
84,카파스 호텔,5,조식이 좀 형편없던것 빼고는 괜찮았어요,조식이 좀 형편없던 것 빼고는 괜찮았어요,2019. 05. 27
85,카파스 호텔,5,숙소 깔끔하고 고객응대 좋았습니다,숙소 깔끔하고 고객 응대 좋았습니다,2019. 04. 23
86,노보텔 앰배서더 강남,5,"서울 갈일 있을때 마다 이용하는 호텔인데 너무 좋아 자주 이용중  입니다.
강남에 있어 일보고 바로 쉴 수 있기에 다음에 또 이용 할게요",서울 갈일 있을 때마다 이용하는 호텔인데 너무 좋아 자주 이용 중  입니다 강남에 있어 일보고 바로 쉴 수 있기에 다음에 또 이용할게요,2021. 08. 04
87,노보텔 앰배서더 강남,5,위치가 너무 좋았고 침구가 아주 푹신하고 좋았습니다.,위치가 너무 좋았고 침구가 아주 푹신하고 좋았습니다,2021. 08. 01
88,노보텔 앰배서더 강남,5,좋아요!! 친절하고 믿음직 스러워서 대만족입니다,좋아요 친절하고 믿음직스러워서 대만족입니다,2021. 07. 31
89,노보텔 앰배서더 강남,5,전체적으로 만족했어요 신논현역에서 살짝 올라가야해요 욕조가 살짝 찌든때같은게 있어서 찝찝했어요ㅠ 칫솔치약을 다 돈주고 사야하는게 좀 아쉬웠어요 심지어 개수당 내더라구용 그거말고는 괜찮았습니다,전체적으로 만족했어요 신논현역에서 살짝 올라가야 해요 욕조가 살짝 찌든 때 같은 게 있어서 찝찝했어요 칫솔치약을 다 돈 주고 사야 하는 게 좀 아쉬웠어요 심지어 개소당 내더라고요 그거 말고는 괜찮았습니다,2021. 05. 07
90,노보텔 앰배서더 강남,5,화장실이 조금 좁지만 충분히 깨끗하고 좋았습니다!! 잘 쉬다 갑니다 ㅎㅎ,화장실이 조금 좁지만 충분히 깨끗하고 좋았습니다 잘 쉬다 갑니다 ,2021. 04. 20
91,노보텔 앰배서더 강남,5,호텔안이 너무 건조해서 조금 아쉬운감이 있는데 침구가 너무 푹신해서 잠이 스르륵오더라구요 ㅎㅎ 그리고 조식도 너무 좋았습니다👍,호텔 안이 너무 건조해서 조금 아쉬운 감이 있는데 침구가 너무 푹신해서 잠이 스르륵 오더라고요  그리고 조식도 너무 좋았습니다,2021. 04. 10
92,노보텔 앰배서더 강남,5,모든 시설이 깔끔하고 친절해요.,모든 시설이 깔끔하고 친절해요,2021. 04. 09
93,노보텔 앰배서더 강남,5,웰컴드링크 최강 해피아워 저녁코스요리 사우나 조식부페까지 룸컨디션이 완벽함은 말할것도 없고 어매니티가 조말론이어 좋았고 뭐 하나 부족함이 없고 가성비 좋게 잘 쉬다 갑니다.,웰컴 드링크 최강 해피아워 저녁 코스요리 사우나 조식 뷔페까지 룸 컨디션이 완벽함은 말할 것도 없고 어메니티가 조 말론 이어 좋았고 뭐 하나 부족함이 없고  구성비  좋게 잘 쉬다 갑니다,2021. 03. 27
94,노보텔 앰배서더 강남,5,"편하고 뷰도 나쁘지않음 
룸서비스 잘해주셔용 
욕조는̆̈ 좀 많이 아쉬움",편하고 경치도 나쁘지 않음 룸서비스 잘해주셔요 욕조는 좀 많이 아쉬움,2021. 03. 17
95,노보텔 앰배서더 강남,5,데이유즈패키지완전좋아요 강추,데이 유즈 패키지 정말 좋아요 강추,2021. 03. 14
96,노보텔 앰배서더 강남,5,"침대 사이즈 크고 좋아요
깔끔!
테이블 크기가 작아서 아쉬워요.",침대 사이즈 크고 좋아요 깔끔 테이블 크기가 작아서 아쉬워요,2021. 02. 19
97,노보텔 앰배서더 강남,5,조용하고 좋아요. 방 배정이 큰 도로 쪽이 아닌 시티뷰 쪽이어서 너무 좋았어요. 잘 쉬다 갑니다..,조용하고 좋아요 방 배정이 큰 도로 쪽이 아닌 시티경치 쪽이어서 너무 좋았어요 잘 쉬다 갑니다,2021. 02. 02
98,노보텔 앰배서더 강남,5,해피아워가 단품으로 제공되어서 아쉽긴했지만 나머지는 다 만족했어요^^♡,해피아워가 단품으로 제공되어서 아쉽긴 했지만 나머지는 다 만족했어요,2020. 10. 20
99,노보텔 앰배서더 강남,5,오랜만의 방문인데..여전히 편안했습니다.,오랜만의 방문인데 여전히 편안했습니다,2020. 10. 19
100,노보텔 앰배서더 강남,5,방에서 좀 퀴퀴한 냄새가 났어요 직원분들이 친절하셔서 좋았습니다,방에서 좀 퀴퀴한 냄새가 났어요 직원분들이 친절하셔서 좋았습니다,2020. 10. 04
101,호텔 더 디자이너스 리즈 강남,5,복도에서 대화하는사람들이많아서 시끄러웠어요,복도에서 대화하는 사람들이 많아서 시끄러웠어요,2021. 07. 04
102,호텔 더 디자이너스 리즈 강남,5,취소가안되는게흠이지만 숙소는좋내요,취소가 안 되는 게 흠이지만 숙소는 좋네요,2021. 03. 30
103,호텔 더 디자이너스 리즈 강남,5,"서비스도 좋았고 13층 식당, 지하 조식도 깔끔했습니딘",서비스도 좋았고 층 식당 지하 조식도 깔끔했습니딘,2021. 01. 25
104,호텔 더 디자이너스 리즈 강남,5,가격대비 괜찮네요. 방도 깨끗하고 깔끔해서 편하게 쉬다 갔습니다, 구성비  괜찮네요 방도 깨끗하고 깔끔해서 편하게 쉬다 갔습니다,2020. 09. 09
105,호텔 더 디자이너스 리즈 강남,5,지하철 가까워서 너무 편하고 주변 먹거리 많아 좋아요~,지하철 가까워서 너무 편하고 주변 먹거리 많아 좋아요,2020. 08. 29
106,호텔 더 디자이너스 리즈 강남,5,"위치 좋고, 직원들 친절하고, 방도 넓지는 않지만 깨끗했습니다. 대형 SUV도 주차 가능했고, 발렛파킹비는 3,000원이었습니다. 옆방 화장실, 목욕탕 사용하는 소리가 적나라하게 들리는 점은 조금 아쉬웠습니다.",위치 좋고 직원들 친절하고 방도 넓지는 않지만 깨끗했습니다 대형 도 주차 가능했고 발레파킹 비는 원이었습니다 옆방 화장실 목욕탕 사용하는 소리가 적나라하게 들리는 점은 조금 아쉬웠습니다,2020. 07. 28
107,호텔 더 디자이너스 리즈 강남,5,시설도좋고 서비스도 만족합니다,시설도 좋고 서비스도 만족합니다,2020. 07. 27
108,호텔 더 디자이너스 리즈 강남,5,깨끗하고 괜찮은데 복도쪽 방음이 ㅡㅡ,깨끗하고 괜찮은데 복도 쪽 방음이 ,2019. 11. 26
109,호텔 더 디자이너스 리즈 강남,5,깔끔하고 마음에들어요. 추천합니다.,깔끔하고 마음에 들어요 추천합니다,2018. 11. 01
110,호텔 더 디자이너스 리즈 강남,5,직원분들 친절하시고 시설 깨끗하고 위치와교통이 매우 좋았어요,직원분들 친절하시고 시설 깨끗하고 위치와 교통이 매우 좋았어요,2017. 12. 08
111,신라스테이 서초,5,청결하고 만족도가 높았습니다^^,청결하고 만족도가 높았습니다,2021. 08. 20
112,신라스테이 서초,5,신라스테이 혼캉스는 정말쵝오 침대이불 넘 조앙 잠이 솔솔와용,신라스테이 혼캉스는 정말 최고 침대 이불 너무 조앙 잠이 솔솔 와요,2021. 08. 17
113,신라스테이 서초,5,"정말 좋았어요! 
화장실도 너무 깨끗했고, 침대가 너무 푸근해서 좋았습니다.
다만 조금 아쉬운 것이 있다면, 어메니티가 사알짝 아쉬웠어요ㅠ 
그 외로는 정말 만족입니다 :))",정말 좋았어요 화장실도 너무 깨끗했고 침대가 너무 푸근해서 좋았습니다 다만 조금 아쉬운 것이 있다면 어메니티가 살짝 아쉬웠어요 그 외로는 정말 만족입니다 ,2021. 07. 28
114,신라스테이 서초,5,매우 만족스러운 호캉스 침구류 깔끔,매우 만족스러운 호캉스 침구류 깔끔,2021. 07. 24
115,신라스테이 서초,5,짱이에요 언제나 믿고 갑니당,최고예요 언제나 믿고 갑니다,2021. 07. 10
116,신라스테이 서초,5,"처음이용했는데 너무 만족하고 갑니다
직원분들도 다 친절하시고 접근성도 좋내요",처음 이용했는데 너무 만족하고 갑니다 직원분들도 다 친절하시고 접근성도 좋네요,2021. 07. 02
117,신라스테이 서초,5,깨끗하고 야경도 예쁘고 좋았어요 :),깨끗하고 야경도 예쁘고 좋았어요 ,2021. 06. 10
118,신라스테이 서초,5,높은층으로 배정해주시고 편하게 쉬었습니다,높은 층으로 배정해주시고 편하게 쉬었습니다,2021. 06. 01
119,신라스테이 서초,5,이정도 가격에서 가장 깔끔하다고 볼 수 있겠네요,이 정도 가격에서 가장 깔끔하다고 볼 수 있겠네요,2021. 05. 16
120,신라스테이 서초,5,깨끗하고 다시 찾을수있는곳이었어요,깨끗하고 다시 찾을 수 있는 곳이었어요,2021. 05. 14
121,신라스테이 서초,5,"깔끔하고 고급스러운 느낌. 
잘 이용했습니다",깔끔하고 고급스러운 느낌 잘 이용했습니다,2021. 05. 09
122,신라스테이 서초,5,말이 필요한가요? 모든 면에서 완벽합니다.,말이 필요한가요 모든 면에서 완벽합니다,2021. 05. 02
123,신라스테이 서초,5,청소 상태가 조금 아쉽긴 했지만 위치나 침구가 좋았습니다~,청소 상태가 조금 아쉽긴 했지만 위치나 침구가 좋았습니다,2021. 04. 29
124,신라스테이 서초,5,옆에 공사해서 넘 시끄러웠어요,옆에 공사해서 너무 시끄러웠어요,2021. 04. 28
125,신라스테이 서초,5,"믿고가는 신라스테이
잘 묵었습니다",믿고 가는 신라스테이 잘 묵었습니다,2021. 03. 22
126,신라스테이 서초,5,역시나 믿고 가는 신라 스테이,역시나 믿고 가는 신라 스테이,2021. 03. 15
127,신라스테이 서초,5,너무 깔끔하고 좋았습니다ㅎㅎ,너무 깔끔하고 좋았습니다,2021. 03. 11
128,신라스테이 서초,5,강남역에서 도보로 약 10~15분경 걸리는 위치지만 이 외 나머지 부분은 매번 만족스럽습니다. 이정도 가격에 하루 깔끔히 머무를 수 있다면 충분합니다,강남역에서 도보로 약 분경 걸리는 위치지만 이 외 나머지 부분은 매번 만족스럽습니다 이 정도 가격에 하루 깔끔히 머무를 수 있다면 충분합니다,2021. 03. 05
129,신라스테이 서초,5,적당한 가격에 간단한 호캉스 즐기기 좋아요!,적당한 가격에 간단한 호캉스 즐기기 좋아요,2021. 02. 15
130,신라스테이 서초,5,들어가는. 순간부터 방이. 따뜻했고 어메니티가 예상보다 좋았어용. 위치도 굿굿!,들어가는 순간부터 방이 따뜻했고 어메니티가 예상보다 좋았어요 위치도 굿굿,2021. 02. 12
131,신라스테이 서초,5,너무 깨끗하고 뷰도 예뻤어요 직원분들도 다 너무 친절하셔서 행복한 시간 보내고 왔습니다,너무 깨끗하고 경치도 예뻤어요 직원분들도 다 너무 친절하셔서 행복한 시간 보내고 왔습니다,2021. 02. 10
132,신라스테이 서초,5,26층 뷰로 강남을 높이 바라볼수있다는 점이 너무 좋았습니다. 이불에 먼지가 많았지만 환기 충분히 하고 지냈어요!! 감사합니다,층 경치로 강남을 높이 바라볼 수 있다는 점이 너무 좋았습니다 이불에 먼지가 많았지만 환기 충분히 하고 지냈어요 감사합니다,2021. 02. 04
133,신라스테이 서초,5,마침 강남에 볼일이 있었고 이참에 숙소근처에 사는 친구집방문까지 겸사겸사 다녀왔어요. 강서에서 강남까지는.. 당일로 볼일을 보고 다녀오기에는 멀고도 먼곳.. 이시국에 힐링하고자 체크인시간부터 24시간 스테이 프로모션으로 아주아주아주 푹 쉬다왔어요. 로비 직원분들도 친절히 응대해주셔서 간만에 행복했답니다.,마침 강남에 볼일이 있었고 이참에 숙소 근처에 사는 친구 집 방문까지 겸사겸사 다녀왔어요 강서에서 강남까지는 당일로 볼일을 보고 다녀오기에는 멀고도 먼 곳 이 시국에 힐링하고자 체크인 시간부터 시간 스테이 프로모션으로 아주아주아주 푹 쉬다 왔어요 로비 직원분들도 친절히 응대해주셔서 오래간만에 행복했답니다,2021. 01. 22
134,신라스테이 서초,5,생각보다 조용하고 엄청 깨끗했습니다!!,생각보다 조용하고 엄청 깨끗했습니다,2021. 01. 21
135,신라스테이 서초,5,"먼지가 너무 많은 거 빼면.. 
진짜 너무 좋았어요, 타월 부족해서 말했더니 바로 가져다 주시고!! 뱅뱅사거리 앞이라 교통도 편리하고 뷰도 조용해서 정말 잘 쉬다 갑니다!!ㅔ",먼지가 너무 많은 거 빼면 진짜 너무 좋았어요 타월 부족해서 말했더니 바로 가져다주시고 뱅뱅사거리 앞이라 교통도 편리하고 경치도 조용해서 정말 잘 쉬다 갑니다,2021. 01. 17
136,신라스테이 서초,5,"주차비 따로인게 아쉽지만, 위치는 좋아요",주차비 따로인 게 아쉽지만 위치는 좋아요,2021. 01. 16
137,신라스테이 서초,5,편안히 잘 쉬었습니다 자주 이용하는 곳입니다. 한달 뒤에 또 예약했어요,편안히 잘 쉬었습니다 자주 이용하는 곳입니다 한 달 뒤에 또 예약했어요,2021. 01. 08
138,신라스테이 서초,5,24시간 머물수있어서 좋았습니다 특히 시티뷰가 인상적이었어요!,시간 머물 수 있어서 좋았습니다 특히 시티 부가 인상적이었어요,2021. 01. 05
139,신라스테이 서초,5,깨끗합니다. 다만 차로 방문시에 조금 불편합니다,깨끗합니다 다만 차로 방문 시에 조금 불편합니다,2020. 12. 27
140,신라스테이 서초,5,"처음 이용해 봤어요.
객실 사이즈는 아담한 편이고, 난방은 중앙난방으로 천장 아래쪽에 난방FAN으로 온풍이 나옵니다.
온도가 바로 올라가진 않아서 프론트에 문의하니 별도로 온풍기를 올려주셔서 잘 이용했습니다.
샤워부스와 욕조 타입 객실 중 택일 가능한데 샤워부스 이용해보니 깔끔했구요. 욕실용품 중 치약, 칫솔은 일회용품으로 제공됩니다. (면도기는 따로 없어요)
침대도 푹신하고 특히 배게가 제 맘에 듭니다. ㅎㅎ
아참 객실 조명 컨트롤이 벽등 천장등이 별도로 되진 않아요. master(전체 on/off), 스탠드등만 가능
전반적으로 만족했습니다^^더보기",처음 이용해 봤어요 객실 사이즈는 아담한 편이고 난방은 중앙난방으로 천장 아래쪽에 난방으로 온풍이 나옵니다 온도가 바로 올라가진 않아서 프런트에 문의하니 별도로 온풍기를 올려주셔서 잘 이용했습니다 샤워부스와 욕조 타입 객실 중 택일 가능한데 샤워부스 이용해보니 깔끔했고요 욕실용품 중 치약 칫솔은 일회용품으로 제공됩니다 면도기는 따로 없어요 침대도 푹신하고 특히 베개가 제 맘에 듭니다 아참 객실 조명 컨트롤이 벽 등 천장 등이 별도로 되진 않아요 전체  스탠드 등만 가능 전반적으로 만족했습니다 ,2020. 12. 06
141,신라스테이 서초,5,방도 깔끔하고 3층에서 맥주도 좋았습니다.,방도 깔끔하고 층에서 맥주도 좋았습니다,2020. 11. 08
142,신라스테이 서초,5,좋았어요 ㅎㅎㅎㅎㅎㅎㅎㅎㅎㅎㅎㅎㅎㅎ,좋았어요 ,2020. 11. 07
143,신라스테이 서초,5,매우 만족스러운 호텔이었습니당~!!,매우 만족스러운 호텔이었습니다,2020. 10. 03
144,신라스테이 서초,5,침대밑에 먼지가 조금 쌓인거 빼고는 좋았습니다.,침대 밑에 먼지가 조금 쌓인 거 빼고는 좋았습니다,2020. 09. 10
145,신라스테이 서초,5,깨끗하고 편해서 푹 쉬었습니다~,깨끗하고 편해서 푹 쉬었습니다,2020. 09. 05
146,신라스테이 서초,5,편하고 너무 잘 쉬다 가요 ~,편하고 너무 잘 쉬다 가요 ,2020. 08. 31
147,신라스테이 서초,5,신라스테이는 구로/마포 두곳을 가보고 서초는 처음이였는데 주변이 지금 공사중인게 아쉽지만 편하게 쉬었다 갔습니다. 조식은 서초점이 제일 넓구 편한기분이네용 어메니티는 역시 아베다 좋구요 !!,신라스테이는 구로 마포 두 곳을 가보고 서초는 처음이었는데 주변이 지금 공사 중인 게 아쉽지만 편하게 쉬었다 갔습니다 조식은 서초점이 제일 넓고 편한 기분이네요 어메니티는 역시 아베다 좋고요,2020. 08. 17
148,신라스테이 서초,5,외부에 주차하것 외에는 좋았음,외부에 주차한 것 외에는 좋았음,2020. 08. 17
149,신라스테이 서초,5,"시설이 깔끔하고 저렴하고 너무 좋았어요.
엄마랑 함께 호캉스로 다녀온건데 엄마도 너무 만족하셨어요.
조식도 다양하게 나와서 잘 먹었어요.
하루 푹 잘 쉬었네요.
다음에 또 오고 싶어요ㅎㅎ더보기",시설이 깔끔하고 저렴하고 너무 좋았어요 엄마랑 함께 호캉스로 다녀온 건데 엄마도 너무 만족하셨어요 조식도 다양하게 나와서 잘 먹었어요 하루 푹 잘 쉬었네 요다음에 또 오고 싶어요 ,2020. 08. 11
150,신라스테이 서초,5,깨끗하고 위치 좋고.. 최고였어요,깨끗하고 위치 좋고 최고였어요,2020. 08. 10
151,신라스테이 서초,5,가격대비 좋았어요~ 뷰는 강남이라 고층이여도 기대 안하는게 좋을 것 같구요. 직원분들 모두 친절했어요! 저렴한 가격에 숙박과 라운지 이용 가능한 부분이 좋았습니다. 바는 11시까지라 못가봐서 아쉽네요. 다음에 또 가게되면 이용할께요~, 구성비  좋았어요 경치는 강남이라 고층이어도 기대 안 하는 게 좋을 것 같고요 직원분들 모두 친절했어요 저렴한 가격에 숙박과 라운지 이용 가능한 부분이 좋았습니다 바는 시까지라 못 가봐서 아쉽네요 다음에 또 가게 되면 이용할게요,2020. 08. 06
152,신라스테이 서초,5,일찍일어나서 조식을 먹었어야했는데,일찍 일어나서 조식을 먹었어야 했는데,2020. 08. 03
153,신라스테이 서초,5,"룸컨디션좋았고 위치가좋습니다
조식은그럭저럭 직원분들친절",룸 컨디션 좋았고 위치가 좋습니다 조식은 그럭저럭 직원분들 친절,2020. 07. 24
154,신라스테이 서초,5,최고의 시설과 쾌적한 환경. 최고였습니다!,최고의 시설과 쾌적한 환경 최고였습니다,2020. 06. 30
155,신라스테이 서초,5,직원 분들이 너무너무 친절했어용,직원분들이 너무너무 친절했어요,2020. 06. 23
156,신라스테이 서초,5,"깨끗하고 친절함.
아침  식사는 더욱 분위기가...",깨끗하고 친절함 아침  식사는 더욱 분위기가,2020. 06. 16
157,신라스테이 서초,5,모든 면에서 숙박하기 좋은 곳입니다.,모든 면에서 숙박하기 좋은 곳입니다,2020. 06. 15
158,신라스테이 서초,5,"처음방문해봤는데
깨끗하고 뷰도 너무 이쁘고 좋았어요❤️",처음 방문해봤는데 깨끗하고 경치도 너무 이쁘고 좋았어요,2020. 06. 14
159,신라스테이 서초,5,전체적으로 좋았습니다. 컨디션도 괜찮았구요~,전체적으로 좋았습니다 컨디션도 괜찮았고요,2020. 06. 10
160,신라스테이 서초,5,주차이외에 나머지는 편햇어요,주차 이외에 나머지는 편했어요,2020. 05. 03
161,신라스테이 서초,5,폼클렌징 없어요!! 어메니티가 로즈마리 민트? 이런 향이었는데 민트라서 그런지 조금 화한 감이 있었어요 민트향에 민감하신 분들은 세면도구 따로 챙겨가시는게 좋을거같아요ㅎㅎ 그리고 충전기가 없어서 여쭤볼려다가 찾아보니까 로비에서만 충전해주신대서 포기하고 하루 묵었는데 체크아웃할때 보니까 충전기 빌려주시는거 같더라구요..! 옛날 글이었나봐요ㅎㅎ 방상태랑 조식은 아주 마음에 들었습니당~ㅎㅎ,폼클렌징 없어요 어메니티가 로즈메리 민트 이런 향이었는데 민트라서 그런지 조금 화한 감이 있었어요 민트향에 민감하신 분들은 세면도구 따로 챙겨가시는 게 좋을 거 같아요 그리고 충전기가 없어서 여쭤보려다가 찾아보니까 로비에서만 충전해주신대서 포기하고 하루 묵었는데 체크아웃할 때 보니까 충전기 빌려주시는 거 같더라고요 옛날 글이었나 봐요 박상태랑 조식은 아주 마음에 들었습니다,2020. 05. 03
162,신라스테이 서초,5,일단 침구가 너무 좋았어요 방음 안 되는 것만 빼면 너무 좋습니당,일단 침구가 너무 좋았어요 방음 안 되는 것만 빼면 너무 좋습니다,2020. 04. 29
163,신라스테이 서초,5,신라스테이 모든면에서 만족해요 중식은 기대를 많이 했는지 아쉬웠어요ㅜ 블로그에 나오는 연어나 킹크랩은 없어요 종류가 좀 제한적이에요,신라스테이 모든 면에서 만족해요 중식은 기대를 많이 했는지 아쉬웠어요 블로그에 나오는 연어나 킹크랩은 없어요 종류가 좀 제한적이에요,2020. 04. 26
164,신라스테이 서초,5,자주 이용합니다 깔끔하고 서비스도 좋아요,자주 이용합니다 깔끔하고 서비스도 좋아요,2020. 04. 17
165,신라스테이 서초,5,깔끔하고 너무 잘 쉬다가 갑니다,깔끔하고 너무 잘 쉬다가 갑니다,2020. 03. 26
166,신라스테이 서초,5,신논현역 근처라 먹거리도 편하게 먹을 수 있어서 좋았어요,신논현역 근처라 먹거리도 편하게 먹을 수 있어서 좋았어요,2020. 03. 20
167,신라스테이 서초,5,직원분들도 친절하시고 가습기도 빌릴 수 있습니다!!,직원분들도 친절하시고 가습기도 빌릴 수 있습니다,2020. 02. 23
168,신라스테이 서초,5,친절하고 편하고 좋습니다 다음에 또 이용할게요,친절하고 편하고 좋습니다 다음에 또 이용할게요,2020. 02. 23
169,신라스테이 서초,5,"좋았지만 중국인들이 많이 와서 걱정됐어요
데스크에서 체온 체크해요 마스크 꼭",좋았지만 중국인들이 많이 와서 걱정됐어요 데스크에서 체온 체크해요 마스크 꼭,2020. 02. 16
170,신라스테이 서초,5,시설아주맘에들어요 직원분들도 다들친절하십니다 강추에요!!,시설 아주 맘에 들어요 직원분들도 다들 친절하십니다 강추에요,2019. 12. 24
171,신라스테이 서초,5,욕조도 깨끗하구 침대도 엄청 푹신했어용,욕조도 깨끗하고 침대도 엄청 푹신했어요,2019. 10. 05
172,신라스테이 서초,5,신라스테이 넘 좋아요. 부모님이 좋아하셧어요,신라스테이 너무 좋아요 부모님이 좋아하셨어요,2019. 08. 20
173,신라스테이 서초,5,다 좋은데 청소상태가 좀 별로네요..,다 좋은데 청소상태가 좀 별로네요,2019. 07. 26
174,신라스테이 서초,5,너무 편안하고 방 체인지 서비스까지 좋앗어요,너무 편안하고 방 체인지 서비스까지 좋았어요,2019. 05. 07
175,신라스테이 서초,5,깔끔하고 가까워서 좋았습니다.  침구류도 좋은편이예요,깔끔하고 가까워서 좋았습니다  침구류도 좋은 편이에요,2019. 05. 01
176,신라스테이 서초,5,깔끔하고 좋았습니다  조식은 약간 미흡한듯,깔끔하고 좋았습니다  조식은 약간 미흡한 듯,2019. 04. 01
177,신라스테이 서초,5,조금춥긴햇지만 깨끗하고 다 좋았어용,조금 춥긴 했지만 깨끗하고 다 좋았어요,2019. 03. 13
178,신라스테이 서초,5,깨끗하고 조식도 맛있어요! 추천!!,깨끗하고 조식도 맛있어요 추천,2019. 03. 01
179,신라스테이 서초,5,위치좋고 깔끔하고 프로모션도 좋았어요~,위치 좋고 깔끔하고 프로모션도 좋았어요,2019. 02. 11
180,신라스테이 서초,5,조식도 좋았고 방이 조금 좁은것 빼곤 좋았습니다,조식도 좋았고 방이 조금 좁은 것 빼곤 좋았습니다,2019. 02. 10
181,신라스테이 서초,5,"방이 조금 좁았지만 접근성이 좋아요, 주차가 타워형식이라 체크아웃시간에는 기다려야하는게 조금 아쉬웠어요",방이 조금 좁았지만 접근성이 좋아요 주차가 타워 형식이라 체크아웃 시간에는 기다려야 하는 게 조금 아쉬웠어요,2019. 01. 04
182,신라스테이 서초,5,화장실에 냄새가 좀 나는거빼면 괜차나여,화장실에 냄새가 좀 나는 거 빼면 괜찮아요,2018. 12. 30
183,신라스테이 서초,5,"깔끔하고 조용하고 좋아요!! 직원분들도 친절♡
지하철역에서 좀 걸어야되서 조금 불편한거 빼고 좋아요!!",깔끔하고 조용하고 좋아요 직원분들도 친절 지하철역에서 좀 걸어야 돼서 조금 불편한 거 빼고 좋아요,2018. 12. 23
184,신라스테이 서초,5,넘깔끔하고 좋았어요~다만 샤워할때 넘 추웠구 수압이 좀 약했어요 ㅠㅠ,너무 깔끔하고 좋았어요 다만 샤워할 때 너무 추웠고 수압이 좀 약했어요 ,2018. 12. 23
185,신라스테이 서초,5,아주 창결하고 깨끗하고 안전하고 좋아요,아주 청결하고 깨끗하고 안전하고 좋아요,2018. 12. 22
186,신라스테이 서초,5,이번엔 객실방향이 반대쪽이라 뷰는 매우 안좋앗어요ㅠㅠㅠㅠㅠㅠㅠㅠ 아쉬웠지만 그래도 침구며 객실컨디션은 좋았습니당ㅎㅎㅎㅎ 이벤트해서 레이트체크아웃도 하구 조식도 잘먹엇어요 ㅎㅎㅎ 욕조에서 티비보는것도 짱입니당!,이번엔 객실 방향이 반대쪽이라 경치는 매우 안 좋았어요 아쉬웠지만 그래도 침구며 객실 컨디션은 좋았습니다 이벤트 해서 레이트 체크아웃도 하구 조식도 잘 먹었어요  욕조에서 티브이 보는 것도 짱입니다,2018. 12. 16
187,신라스테이 서초,5,침구류 깨끗하고 안락한 객실! 부대시설도 좋아요!,침구류 깨끗하고 안락한 객실 부대시설도 좋아요,2018. 10. 09
188,신라스테이 서초,5,주변에 맛집고 꽤나 있는 편이고 거리도 조금만 나가면 강남역에 양재시민의숲도 버스 타면 가까워서 좋고 다 좋았습니당,주변에 맛 집고 꽤나 있는 편이고 거리도 조금만 나가면 강남역에 양재시민의 숲도 버스 타면 가까워서 좋고 다 좋았습니다,2018. 09. 18
189,신라스테이 서초,5,이틀만 예약했던 숙소인데 엄마가 너무 좋아하셔서 이틀이나 더 연장해버렸네용ㅎㅎ 좋았습니다,이틀만 예약했던 숙소인데 엄마가 너무 좋아하셔서 이틀이나 더 연장해버렸네요 좋았습니다,2018. 09. 18
190,신라스테이 서초,5,역싀 신라클라쑤!!좋구만 여친생일날 좋아했어유,역싀 신라클라쑤좋구만 여자친구 생일날 좋아했어 유,2018. 09. 16
191,신라스테이 서초,5,신라스테이는 어디를 가도 기대한만큼 좋습니다. 편하게 잘 쉬다갑니다. 역삼처럼 기계주차아닌 일반주차였다면 더 좋았겠지만 주변에 먹거리 등은 서초가 좀 더 가까운 듯해요. ㅋ,신라스테이는 어디를 가도 기대한 만큼 좋습니다 편하게 잘 쉬다 갑니다 역삼처럼 기계 주차 아닌 일반 주차였다면 더 좋았겠지만 주변에 먹거리 등은 서초가 좀 더 가까운 듯해요 ,2018. 09. 02
192,신라스테이 서초,5,"친절하고 침구 깨끗하고 너무 좋아요
다만 밤에는 괜찮은데 점심엔 공사, 자동차 경적소리
소음",친절하고 침구 깨끗하고 너무 좋아요 다만 밤에는 괜찮은데 점심엔 공사 자동차 경적소리 속음,2018. 07. 25
193,신라스테이 서초,5,조식은 그냥 그랬고 위치나 그런면에선좋네용,조식은 그냥 그랬고 위치나 그런 면에선 좋네요,2018. 07. 08
194,신라스테이 서초,5,"강남역 양재역 사이, 뱅뱅사거리에 위치하고 있어 접근성이 좋고, 공항버스 타기에도 용이함.
그러나 숙소옆에 공사중이라 조금 시끄럽고 직원들이 친절하지 않음.",강남역 양재역 사이 뱅뱅사거리에 위치하고 있어 접근성이 좋고 공항버스 타기에도 용이함 그러나 숙소 옆에 공사 중이라 조금 시끄럽고 직원들이 친절하지 않음,2018. 06. 03
195,신라스테이 서초,5,진짜 너무 좋았습니다 침대도 푹신하고 너무 푹신해서 침대만 따로 사고싶을정도고 조식도 아주 만족스러웠습다!,진짜 너무 좋았습니다 침대도 푹신하고 너무 푹신해서 침대만 따로 사고 싶을 정도 고 조식도 아주 만족스러웠습니다,2018. 04. 30
196,신라스테이 서초,5,청결하고 친절해서 언제나만족해요,청결하고 친절해서 언제나 만족해요,2018. 03. 31
197,신라스테이 서초,5,"룸컨디션 최상, 따뜻하고 환기도잘되어요.
티비가 살짝 작지만 나머지가 전부최상이에요. 어메니티 아베다꺼에요. 샴푸강추강추
외국인들이 많아요. 어린 분들 많으면 로비부터 복도까지 어디든 시끌벅적한데 조용조용 차분해서 
잘 쉬다왔네요. 강력 추천합니다.",룸 컨디션 최상 따뜻하고 환기도 잘 되어요 티브이가 살짝 작지만 나머지가 전부 최상이에요 어메니티 아베다 거예요 샴푸 강추강추 외국인들이 많아요 어린 분들 많으면 로비부터 복도까지 어디든 시끌벅적한데 조용조용 차분해서 잘 쉬다 왔네요 강력 추천합니다,2018. 03. 02
198,신라스테이 서초,5,가성비 굿이예요! 밤에 카페에서 맥주랑 피자 저렴하게 정말 잘 먹었어요! 또 가보고 싶네요!, 구성비  굿이에요 밤에 카페에서 맥주랑 피자 저렴하게 정말 잘 먹었어요 또 가보고 싶네요,2018. 01. 27
199,신라스테이 서초,5,객실도 업그레이드 해주시고 항상 올때마다 만족스럽습니다.^^,객실도 업그레이드해주시고 항상 올 때마다 만족스럽습니다,2018. 01. 07
200,신라스테이 서초,5,"신라스테이가 괜히 신라스테이가 아닌거지요~
신라스테이 요기조기 가봤는데 서초가 가장 맘에 드네요~
객실도 역시나 깔끔하고
인포에서 안내도 객실배정도 깔끔하게 잘해주시고
자주 애용할게요~편안한 하루 보냈습니다~더보기",신라스테이가 괜히 신라스테이가 아닌 거지요 신라스테이 요기조기 가봤는데 서초가 가장 맘에 드네요 객실도 역시나 깔끔하고 인포에서 안내도 객실 배 정도 깔끔하게 잘해주시고 자주 애용할게요 편안한 하루 보냈습니다 ,2017. 12. 15
201,신라스테이 삼성,5,생일이였는데 룸 업그레이드해주셔서 너무 행복한 기억 안고 다녀왔습니다 :) 감사합니다,생일이었는데 룸 업그레이드해주셔서 너무 행복한 기억 안고 다녀왔습니다  감사합니다,2021. 08. 24
202,신라스테이 삼성,5,대로변이 조금 시끄럽지만 좋아욘,대로변이 조금 시끄럽지만 좋아온,2021. 08. 20
203,신라스테이 삼성,5,시설 깔끔하고 침대도 높낮이 조절가능하고 즐겁게 지내다 갑니다.,시설 깔끔하고 침대도 높낮이 조절 가능하고 즐겁게 지내다 갑니다,2021. 08. 13
204,신라스테이 삼성,5,코엑스도 가깝고 객실도 깔끔하고 좋네요,코엑스도 가깝고 객실도 깔끔하고 좋네요,2021. 08. 07
205,신라스테이 삼성,5,모션베드 너무 좋았어요 또가고싶어요 ㅜㅜ,모션 베드 너무 좋았어요 또 가고 싶어요,2021. 08. 03
206,신라스테이 삼성,5,깔끔하고 너무 좋았어요 친절하시구 만족^.^,깔끔하고 너무 좋았어요 친절하시고 만족,2021. 07. 07
207,신라스테이 삼성,5,코엑스 뷰가 좋은 만큼 핫한 호텔이라 15:00 체크인시간이 롯데월드 놀이기구 기다리는 듯 혼잡하고 시간이 오래걸립니다 하지만 룸 컨디션 침구류 시설 서비스 모두 최고였던 곳입니다,코엑스 경치가 좋은 만큼 핫한 호텔이라  체크인 시간이 롯데월드 놀이기구 기다리는 듯 혼잡하고 시간이 오래 걸립니다 하지만 룸 컨디션 침구류 시설 서비스 모두 최고였던 곳입니다,2021. 07. 06
208,신라스테이 삼성,5,친절하게 안내해주셔서 편하게 쉬었습니다,친절하게 안내해주셔서 편하게 쉬었습니다,2021. 06. 17
209,신라스테이 삼성,5,"수압이 조금 아쉽긴 했지만 객실 컨디션, 침구, 서비스, 위치 등등 모두 좋았습니다! 다음에 또 방문하고 싶어요:)",수압이 조금 아쉽긴 했지만 객실 컨디션 침구 서비스 위치 등등 모두 좋았습니다 다음에 또 방문하고 싶어요,2021. 06. 17
210,신라스테이 삼성,5,조아요 ㅎㅎ 내맘대로 24시간 짱짱,좋아요  내 맘대로 시간 짱짱,2021. 06. 13
211,신라스테이 삼성,5,깨끗하고 져아용 앞에 코엑스도 있고 교통편도 편리하고 져아요,깨끗하고 져아용 앞에 코엑스도 있고 교통 편도 편리하고 져야요,2021. 05. 26
212,신라스테이 삼성,5,"빌리지뷰였는데... 너무 막혀있어서 방을 다른곳으로
바꿔도 되는지 물어보니 직원분의 친절안내로 컴포로 바꿀수 있어서 너무 좋았어여~
남친께서 너무나 신나하고 좋아해서 편안하게 하루를 보냈습니다. 
다만... 조식은 금액에비해.. 다소 아쉽네요ㅜㅜ
다음 계절에 다시 재방문 의사있어요~^^더보기",빌리지 경치였는데 너무 막혀있어서 방을 다른 곳으로 바꿔도 되는지 물어보니 직원분의 친절안내로 컵 포로 바꿀 수 있어서 너무 좋았어요 남자친구께서 너무나 신나하고 좋아해서 편안하게 하루를 보냈습니다 다만 조식은 금액에 비해 다소 아쉽네 요다음 계절에 다시 재방문 의사 있어요 ,2021. 05. 23
213,신라스테이 삼성,5,시설 깨끗하고 아주 좋습니다,시설 깨끗하고 아주 좋습니다,2021. 05. 13
214,신라스테이 삼성,5,정말 깨끗하고 좋았어요 ㅎㅎ 좋은 추억 남기고 갑니당,정말 깨끗하고 좋았어요  좋은 추억 남기고 갑니다,2021. 05. 09
215,신라스테이 삼성,5,깔끔한관리 청결합니다 방크기만아쉽고 이동도 간편하고 만족합니다,깔끔한 관리 청결합니다 방 크기만 아쉽고 이동도 간편하고 만족합니다,2021. 04. 15
216,신라스테이 삼성,5,"코엑스 접근성, 서비스 객실 상태 모두 좋았습니다 다만 티비 이용시 인터넷 연결이 조금 불안했네요",코엑스 접근성 서비스 객실 상태 모두 좋았습니다 다만 티브이 이용 시 인터넷 연결이 조금 불안했네요,2021. 04. 13
217,신라스테이 삼성,5,만족만족 깔끔합니다. 좀작긴해여,만족 만족 깔끔합니다 좀 작긴 해요,2021. 04. 12
218,신라스테이 삼성,5,직원분들 다 친절하시고 좋았어욥 하절기아니라 에어컨 안되는거만 쫌 아쉬웠습니당,직원분들 다 친절하시고 좋았어욥 하절기 아니라 에어컨 안되는 거만 좀 아쉬웠습니다,2021. 04. 05
219,신라스테이 삼성,5,아주 좋았어요~ 잘 쉬다 갑니다!!,아주 좋았어요 잘 쉬다 갑니다,2021. 03. 30
220,신라스테이 삼성,5,너무 재밋게 잘놀았어용 다음에 또 가려구옹,너무 재밌게 잘 놀았어요 다음에 또 가려구옹,2021. 03. 16
221,신라스테이 삼성,5,위치도 너무 좋고 깨끗해요 가성비갑!!,위치도 너무 좋고 깨끗해요 기성 비갑,2021. 03. 01
222,신라스테이 삼성,5,경치도 방도 모두 좋았습니다.,경치도 방도 모두 좋았습니다,2021. 02. 23
223,신라스테이 삼성,5,가성비 갑이고 정말 너무 만족스러웠습니다♡, 구성비  갑이고 정말 너무 만족스러웠습니다,2021. 02. 21
224,신라스테이 삼성,5,"조용하고 편안하게 지내다가 갔습니다
역하고도 가까워서 아주 좋았어요",조용하고 편안하게 지내다가 갔습니다 역하고도 가까워서 아주 좋았어요,2021. 02. 21
225,신라스테이 삼성,5,"컴포트레저룸,, 좋네요!
먼지가 많긴 했는데, 그점 빼고는, 그 외에 깨끗하구 좋아요 !
또 오고 싶네요, 모션베드는 진짜 굿굿!
저는 9층에 묵었는데 , 뷰도 나쁘지 않아요. 잘 쉬다갑니다.",컴포트 레저 룸 좋네요 먼지가 많긴 했는데 그 점 빼고는 그 외에 깨끗하고 좋아요 또 오고 싶네요 모션 베드는 진짜 굿굿 저는 층에 묵었는데  경치도 나쁘지 않아요 잘 쉬다 갑니다,2021. 02. 07
226,신라스테이 삼성,5,티비 짱 큼 넷플 왓챠 유튭 다 됨 개좋음,티브이 짱 큼 넷플 왓챠 유튜브 다 됨 게 좋음,2021. 01. 26
227,신라스테이 삼성,5,너무 깔끔하고 위치도 삼성역 바로옆이라 너무 좋았구요 쾌적하고 편안하게 잘 쉬었다 왔습니다,너무 깔끔하고 위치도 삼성역 바로 옆이라 너무 좋았고요 쾌적하고 편안하게 잘 쉬었다 왔습니다,2021. 01. 20
228,신라스테이 삼성,5,코엑스가 보이는 뷰가 저녁과 아침 둘 다 너무 예뻤고 여자친구가 정말 좋아했습니다. 호텔 내부도 깔끔하고 티비도 엄청 좋고 만족스러웠습니다,코엑스가 보이는 경치가 저녁과 아침 둘 다 너무 예뻤고 여자친구가 정말 좋아했습니다 호텔 내부도 깔끔하고 티브이도 엄청 좋고 만족스러웠습니다,2021. 01. 17
229,신라스테이 삼성,5,"뷰도 좋고 숙소도 깔끔했고 다 좋았는데
여자친구랑 자고있을 때 청소하시는 아주머니가 노크 두번하더니 그냥 문 따고 들어오시더라구요
이게 무슨 일인가 싶어서 벙쪘고 너무 피곤해서 그냥 잤지만
뭔가 하고있기라도 했으면 정말 대참사가 일어날 뻔 했어요
이름 있는 호텔에서 비싸게 주고 이용하는 시간이었는데
쉼을 방해 받은 거 같고 기분이 상당히 언짢았습니다

그 외 다른 것들은 만족했어요

관계자가 이 글을 본다면 다시는 그런 일이 없도록 조치하셔야 할 것 같아요더보기",경치도 좋고 숙소도 깔끔했고 다 좋았는데 여자친구랑 자고 있을 때 청소하시는 아주머니가 노크 두 번 하더니 그냥 문 따고 들어오시더라고요 이게 무슨 일인가 싶어서 벙 쪘고 너무 피곤해서 그냥 잤지만 뭔가 하고 있기라도 했으면 정말 대참사가 일어날 뻔했어요 이름 있는 호텔에서 비싸게 주고 이용하는 시간이었는데 쉼을 방해받은 거 같고 기분이 상당히 언짢았습니다 그 외 다른 것들은 만족했어요 관계자가 이 글을 본다면 다시는 그런 일이 없도록 조치하셔야 할 것 같아요 ,2021. 01. 05
230,신라스테이 삼성,5,신라스테이답게 깨끗하구 체크인 체크아웃시간도 여유로워 좋았습니다,신라스테이답게 깨끗하고 체크인 체크아웃 시간도 여유로워 좋았습니다,2021. 01. 05
231,신라스테이 삼성,5,"역 바로앞에 있어서 접근성 좋았구요 청결도, 시설 뭐하나 빠지는게 없내요! 조식도 굳굳",역 바로 앞에 있어서 접근성 좋았고요 청결도 시설 뭐하나 빠지는 게 없네요 조식도 굳굳,2020. 12. 23
232,신라스테이 삼성,5,너무 시설이 좋아서 잘 보내다 갑니다,너무 시설이 좋아서 잘 보내다 갑니다,2020. 12. 12
233,신라스테이 삼성,5,엘레베이터 제외하면 좋았어요,엘리베이터 제외하면 좋았어요,2020. 12. 04
234,신라스테이 삼성,5,둘이서 인당 48000원으로 옴청 깨끗한 방과 시설 맛있는 조식까지 완벽했습니다,둘이서 인당 원으로 엄청 깨끗한 방과 시설 맛있는 조식까지 완벽했습니다,2020. 11. 25
235,신라스테이 삼성,5,일단 코엑스 앞이라 지하철 버스 교통수단이 많아용 앞에 현백도 있어서 쇼핑은 덤으로,일단 코엑스 앞이라 지하철 버스 교통수단이 많아요 앞에 현백도 있어서 쇼핑은 덤으로,2020. 11. 17
236,신라스테이 삼성,5,"다른 신라스테이 다니면서 실망했던 점들이 삼성에
와서 좀 괜찮아졌어요. 다음에도 삼성으로 오려구요",다른 신라스테이 다니면서 실망했던 점들이 삼성에 와서 좀 괜찮아졌어요 다음에도 삼성으로 오려고요,2020. 11. 03
237,신라스테이 삼성,5,새로지어서 깔끔하고 좋았어요,새로 지어서 깔끔하고 좋았어요,2020. 10. 24
238,신라스테이 삼성,5,"최근 오픈 곳이라 컨디션이 새거라서 좋구요.
위치, 시설 관리 상태 모두 좋아요.
루프탑 카페도 사람이 많더군요 :))",최근 오픈 곳이라 컨디션이 새 거라서 좋고요 위치 시설 관리 상태 모두 좋아요 루프탑 카페도 사람이 많더군요 ,2020. 09. 29
239,신라스테이 삼성,5,위치와 시설 모두 완벽했어요ㅎㅎ,위치와 시설 모두 완벽했어요,2020. 09. 15
240,신라스테이 삼성,5,"좋았어요!
복도에서 방음이 좀 안되는 것 같긴 했지만 청결했고 잘 지내다 왔습니다",좋았어요 복도에서 방음이 좀 안 되는 것 같긴 했지만 청결했고 잘 지내다 왔습니다,2020. 09. 01
241,신라스테이 삼성,5,항상처럼 깔끔하고 편안했습니다,항상처럼 깔끔하고 편안했습니다,2020. 08. 15
242,신라스테이 삼성,5,"역이랑 가까워서 좋았어요 직원분들도 친절하시고요 다만 프론트에 사람이 너무 많었는데 직원수는 부족하고 너무 더웠어요.
그리고 이불에 오염물질이 묻어 있었는데 그냥 사용했지만
청결상 좋아보이지는 않았어요",역이랑 가까워서 좋았어요 직원분들도 친절하시고요 다만 프런트에 사람이 너무 많았는데 직원 수는 부족하고 너무 더웠어요 그리고 이불에 오염물질이 묻어 있었는데 그냥 사용했지만 청결상 좋아 보이지는 않았어요,2020. 08. 14
243,신라스테이 삼성,5,깔끔하고 교통위치 완벽하고 앞에 보이는 전광판이 보이는 방이여서 아주 만족감 배로 올랐습니다 👏🏻👏🏻,깔끔하고 교통 위치 완벽하고 앞에 보이는 전광판이 보이는 방이여서 아주 만족감 배로 올랐습니다 ,2020. 08. 05
244,신라스테이 삼성,5,시티뷰가 너무 좋아서 또 방문하고 싶기도 하고 위에 루프탑두 좋았고요. 무엇보다도 직원분들 친절하시구 객실 청소 담당하시던 여사님도 진짜 친절해서 좋았어요.ㅎㅎ,시티 부가 너무 좋아서 또 방문하고 싶기도 하고 위에 루프탑도 좋았고요 무엇보다도 직원분들 친절하시고 객실 청소 담당하시던 여사님도 진짜 친절해서 좋았어요,2020. 07. 31
245,신라스테이 삼성,5,주차 추가요금 받는거만빼면.. 나머지 좋습니다 루프탑 환상이구여,주차 추가요금 받는 거만 빼면 나머지 좋습니다 루프탑 환상이고요,2020. 05. 31
246,신라스테이 삼성,5,"역시 신라호텔. 
침대각도조절하면서 ps 하는 재미 
다만 정면에 sm 타운의 불빛과 청소 꼼꼼히 해주시지 않는다는건지. 누군가 버려진 박스가 그대로있네요",역시 신라호텔 침대 각도 조절하면서  하는 재미 다만 정면에  타운의 불빛과 청소 꼼꼼히 해주시지 않는다는 건지 누군가 버려진 박스가 그대로 있네요,2020. 05. 19
247,신라스테이 삼성,5,"코엑스바로앞이라 위치좋고
로비층에서보는 야경도 이쁩니다
새로생겨서 수건 가운 부들부들하고 
침대 티비 모두 깔끔합니다
주차장은 공간이 좁긴하네요더보기",코엑스 바로 앞이라 위치 좋고 로비 층에서 보는 야경도 이쁩니다 새로 생겨서 수건 가운 부들부들하고 침대 티브이 모두 깔끔합니다 주차장은 공간이 좁긴 하네요 ,2020. 05. 11
248,신라스테이 삼성,5,편했어요 자주 애용할 것 같아요 나중에 연박하면 다른 신라스테이처럼 객실 업그래이드 부탁드려요,편했어요 자주 애용할 것 같아요 나중에 면박하면 다른 신라스테이처럼 객실 업그레이드 부탁드려요,2020. 04. 21
249,신라스테이 삼성,5,"오픈한지 얼마 안되서 깔끔하고 좋습니다.
뷰 맛집이에요! 패키지도 잘 되어있고 굿굿
또 와야지",오픈한지 얼마 안 돼서 깔끔하고 좋습니다 경치 맛 집이에요 패키지도 잘 되어있고 굿굿 또 와야지,2020. 04. 18
250,신라스테이 삼성,5,위치도짱이고 친절하고 숙박권 하루더주는 프로모션중이라 너무 만족스럽게 이용했어요혹시 숙박권1+1언제까지하려나용,위치도 최고이고 친절하고 숙박권 하루 더 주는 프로모션 중이라 너무 만족스럽게 이용했어요 혹시 숙박권 언제까지 하려나요,2020. 04. 15
251,신라스테이 삼성,5,새로 생긴 호텔이라 그런지 내부도 깨끗하고 직원분들도 잘 설명해주셔서 좋았어요 루프탑에서 좋은 뷰를 보며 맥주를 먹는게 너무 좋았어요 조식도 잘 나오고 뷰도 좋고 눈과 입이 호강하고 가요 다음에 또 오고싶어요,새로 생긴 호텔이라 그런지 내부도 깨끗하고 직원분들도 잘 설명해주셔서 좋았어요 루프탑에서 좋은 경치를 보며 맥주를 먹는 게 너무 좋았어요 조식도 잘 나오고 경치도 좋고 눈과 입이 호강하고 가요 다음에 또 오고 싶어요,2020. 04. 09
252,신라스테이 삼성,5,새로 생겨서 좋아요 청결 유지 계속 해주세요,새로 생겨서 좋아요 청결 유지 계속해주세요,2020. 04. 07
253,이비스 스타일 앰배서더 강남,5,조금 오래되긴햇는데 깔끔해요,조금 오래되긴 했는데 깔끔해요,2021. 08. 11
254,이비스 스타일 앰배서더 강남,5,"주말마다 강남에 일이 있어 숙소이용하려다 이호텔 이용하게 됐는데 이젠 미리 예약하고 이곳만 이용하고 있어요
비즈니스 숙소이용으로 최고예요
코로나로인해 조식운영,피트니스 안된다는게 넘 아쉬워요 ㅠ",주말마다 강남에 일이 있어 숙소 이용하려다 이 호텔 이용하게 됐는데 이젠 미리 예약하고 이곳만 이용하고 있어요 비즈니스 숙소 이용으로 최고예요 코로나로 인해 조식 운영 피트니스 안된다는 게 너무 아쉬워요 ,2021. 05. 31
255,이비스 스타일 앰배서더 강남,5,아늑하고 조용하고 네이버 주문하기로 연결된 룸서비스 굿,아늑하고 조용하고 네이버 주문하기로 연결된 룸서비스 굿,2021. 05. 23
256,이비스 스타일 앰배서더 강남,5,깔끔하고 친절해요 일박여행 최고숙소예요,깔끔하고 친절해요 일박 여행 최고 숙소예요,2021. 05. 16
257,이비스 스타일 앰배서더 강남,5,"방이 살짝 작지만 시설도 깨끗하고 친절합니다. 
그래서 자주 이용하고 있습니다.",방이 살짝 작지만 시설도 깨끗하고 친절합니다 그래서 자주 이용하고 있습니다,2021. 04. 02
258,이비스 스타일 앰배서더 강남,5,위치가 약간 애매하긴 한데 그것 빼고는 굳굳!,위치가 약간 애매하긴 한데 그것 빼고는 굳굳,2021. 03. 30
259,이비스 스타일 앰배서더 강남,5,객실정비 눌러놔도 꼭 따로요청해야 하고 아침에 갑자기 초인종을 눌러서 놀랬어요 ㅜㅜ,객실정비 눌러놔도 꼭 따로 요청해야 하고 아침에 갑자기 초인종을 눌러서 놀랬어요 ,2021. 02. 13
260,이비스 스타일 앰배서더 강남,5,이비스스타일명동보다 훨씬 좋았어요. 거긴 모텔같았는데 여긴 그래두 비즈니스호텔 정도는 되는 것 같은 기분~ 개별난방도 되서 좋았어요,이비스 스타일 명동보다 훨씬 좋았어요 거긴 모텔 같았는데 여긴 그래도 비즈니스호텔 정도는 되는 것 같은 기분 개별난방도 돼서 좋았어요,2021. 01. 03
261,이비스 스타일 앰배서더 강남,5,"다른 호텔보다 훨씬 푹 쉬고 갑니다. 그런데 방음이 완벽하진 않은 듯하고, 매트리스 스프링이 낡은 듯한 느낌이 있어요. 방이 약간 춥고 건조한 건 호텔이라면 어쩔수 없는 것 같네요...",다른 호텔보다 훨씬 푹 쉬고 갑니다 그런데 방음이 완벽하진 않은 듯하고 매트리스 스프링이 낡은 듯한 느낌이 있어요 방이 약간 춥고 건조한 건 호텔이라면 어쩔 수 없는 것 같네요,2020. 12. 20
262,이비스 스타일 앰배서더 강남,5,이번묵었을때좋았네요.침구가편해서인지.다른호텔은 잔거같지가않은데 유독 이비스는 푹자요.그나마 주택가근처라 포근한 위치도 이유인듯,이번 묵었을 때 좋았네요 침구가 편해서인지 다른 호텔은 잔 거 같지가 않은데 유독 이비스는 푹 자요 그나마 주택가 근처라 포근한 위치도 이유인 듯,2020. 11. 30
263,이비스 스타일 앰배서더 강남,5,24시간 스테이 너무 좋습니다~~매번 잘쉬다갑니다~~!!,시간 스테이 너무 좋습니다 매번 잘 쉬다 갑니다,2020. 11. 23
264,이비스 스타일 앰배서더 강남,5,항상 잘 이용하고있습니다 깔끔해요,항상 잘 이용하고 있습니다 깔끔해요,2020. 10. 03
265,이비스 스타일 앰배서더 강남,5,로비가 좀 더웠어요 나머지는 다 괜찮았어요,로비가 좀 더웠어요 나머지는 다 괜찮았어요,2020. 09. 13
266,이비스 스타일 앰배서더 강남,5,이 가격대 비교군 중 최고입니다,이 가격대 비교 군 중 최고입니다,2020. 08. 26
267,이비스 스타일 앰배서더 강남,5,코엑스 가깝고 편히 쉬기 좋았습니다,코엑스 가깝고 편히 쉬기 좋았습니다,2020. 08. 14
268,이비스 스타일 앰배서더 강남,5,에어컨 빵빵하고 방음도 괜찮고 직원분들도 친절하고 너무 좋았어요 !,에어컨 빵빵하고 방음도 괜찮고 직원분들도 친절하고 너무 좋았어요 ,2020. 08. 12
269,이비스 스타일 앰배서더 강남,5,"걸어서 2분거리에 버스정류장이 있어서 강남에서 놀기 편했어요ㅎ
비만 안 왔으면 킥보드타도 될 거리에요ㅋㅋ
깔끔하고 어메니티도 좋아요ㅎ",걸어서 분 거리에 버스정류장이 있어서 강남에서 놀기 편했어요 비만 안 왔으면 킥보드 타도될 거리에 요 깔끔하고 어메니티도 좋아요,2020. 08. 09
270,이비스 스타일 앰배서더 강남,5,너무 깔끔하고 친절하시고 좋았어요,너무 깔끔하고 친절하시고 좋았어요,2020. 07. 19
271,이비스 스타일 앰배서더 강남,5,위치의편리성 직원의친절함 청결함 다만족,위치의 편리성 직원의 친절함 청결함 다 만족,2020. 07. 17
272,이비스 스타일 앰배서더 강남,5,"쇼파에 얼룩
하지만 전반적으로 만족합니다",소파에 얼룩 하지만 전반적으로 만족합니다,2020. 07. 17
273,이비스 스타일 앰배서더 강남,5,"모든것이 좋았습니다..
침구류 냉난방.. 어메니티.. 모든것이 좋앗습니다.
한가지.. 투숙객들에게 주차료 받는것빼구요 ㅋㅋ 왠지 지불하는게 나쁘지는 않지만.. 왠지 삥뜯기는 느낌이 ㅋㅋㅋ 암튼 가성비 굳 입니다. 호캉스로 좋아요.. 고층을 선호하시는게 좋아요",모든 것이 좋았습니다 침구류 냉난방 어메니티 모든 것이 좋았습니다 한 가지 투숙객들에게 주차료 받는 것 빼고요  왠지 지불하는 게 나쁘지는 않지만 왠지 삥 뜯기는 느낌이  암튼  구성비  굳입니다 호캉스로 좋아요 고층을 선호하시는 게 좋아요,2020. 07. 17
274,이비스 스타일 앰배서더 강남,5,예약해놓고 일이생겨서 방문을 못했네요ㅠ,예약해놓고 일이 생겨서 방문을 못했네요,2020. 07. 16
275,이비스 스타일 앰배서더 강남,5,항상 잘 이용하고 있습니다~ 방음이 다소 아쉽지만 편리합니다,항상 잘 이용하고 있습니다 방음이 다소 아쉽지만 편리합니다,2020. 06. 24
276,이비스 스타일 앰배서더 강남,5,방도 깨끗하고 직원분들도 친절하셧어용 재방문의사 뿜뿜,방도 깨끗하고 직원분들도 친절하셨어요 재방문의 사 뿜뿜,2020. 06. 21
277,이비스 스타일 앰배서더 강남,5,레이트 체크아웃 잘 이용하고 있어요,레이트 체크아웃 잘 이용하고 있어요,2020. 04. 19
278,이비스 스타일 앰배서더 강남,5,고객응대의 친절도가 보완되었으면 합니다,고객 응대의 친절도가 보완되었으면 합니다,2020. 04. 14
279,이비스 스타일 앰배서더 강남,5,자주 옵니다. 좋아요. 레이트 체크아웃,자주 옵니다 좋아요 레이트 체크아웃,2020. 03. 13
280,이비스 스타일 앰배서더 강남,5,매번 이용하는 곳인데 친절하고 좋습니다,매번 이용하는 곳인데 친절하고 좋습니다,2020. 01. 14
281,이비스 스타일 앰배서더 강남,5,이번에는 저층으로 배정 받았어요~ 저층은 화장실이 좀으나 룸이 상대적으로 넓어요~ 화장실이 조금 불편하지만 베딩과 나머지는 편합니다^^,이번에는 저층으로 배정받았어요 저층은 화장실이 좀 드나 룸이 상대적으로 넓어요 화장실이 조금 불편하지만 베딩과 나머지는 편합니다,2020. 01. 10
282,이비스 스타일 앰배서더 강남,5,깔끔하고 괜찮았으나. 방음이 조금 아쉬워요. 복도의 소리가 잘 들려요!,깔끔하고 괜찮았으나 방음이 조금 아쉬워요 복도의 소리가 잘 들려요,2019. 12. 31
283,이비스 스타일 앰배서더 강남,5,"위치도좋고 깔끔하고 친절해요
하루지내기 좋네요",위치도 좋고 깔끔하고 친절해요 하루 지내기 좋네요,2019. 12. 23
284,이비스 스타일 앰배서더 강남,5,조용하고 숙박하기 좋은 위치입니다.,조용하고 숙박하기 좋은 위치입니다,2019. 12. 02
285,이비스 스타일 앰배서더 강남,5,역시 이비스 스타일 호텔입니다~!! 조식 숙소 모두 좋았어요,역시 이비스 스타일 호텔입니다 조식 숙소 모두 좋았어요,2019. 05. 08
286,이비스 스타일 앰배서더 강남,5,"친정에 아이를 1박이나 2박씩 맡길때 자주 들르는 호텔 중 하나입니다.위치와 교통성도 좋고,주변에 맛집과 편의점도 많아 편의성도 우수합니다.다만 스위트룸 빼고는 객실이 작아요.온돌룸도 평수는 같다고 하네요.6평에서 7평 사이인거 같은데 그래도 더블룸보다는 트윈룸을 선호하는 편이에요.
직원분들도 친절하고,조식도 가성비 괜찮네요.
아!그리고 가끔 오후 5시체크아웃 프로모션이 있는데 개인적으로 최애하는 프로모션 입니다.^^ㅋㅋ",친정에 아이를 박이나 박씩 맡길 때 자주 들르는 호텔 중 하나입니다 위치와 교통성도 좋고 주변에 맛 집과 편의점도 많아 편의성도 우수합니다 다만 스위트룸 빼고는 객실이 작아요 온돌룸도 평수는 같다고 하네요 편에서 평 사이인 거 같은데 그래도 더블룸보다는 트윈룸을 선호하는 편이에요 직원분들도 친절하고 조식도  구성비  괜찮네요 아 그리고 가끔 오후 수 체크아웃 프로모션이 있는데 개인적으로 차애 하는 프로모션입니다,2019. 05. 06
287,이비스 스타일 앰배서더 강남,5,실용적이고 깔끔해서 좋았습니다,실용적이고 깔끔해서 좋았습니다,2019. 04. 06
288,이비스 스타일 앰배서더 강남,5,접근성과 시설이 좋았고 체크아웃 후에도 그 날 하루동안 짐을 맡길 수 있어서 좋았습니다!,접근성과 시설이 좋았고 체크아웃 후에도 그날 하루 동안 짐을 맡길 수 있어서 좋았습니다,2019. 01. 06
289,이비스 스타일 앰배서더 강남,5,방음이 조금 아쉬운거빼곤 좋앗어요,방음이 조금 아쉬운 거 빼곤 좋았어요,2018. 08. 05
290,이비스 스타일 앰배서더 강남,5,해외 이비스보다 관리잘되어있고 깨끗해요!,해외 이비스보다 관리 잘 되어있고 깨끗해요,2018. 08. 02
291,이비스 스타일 앰배서더 강남,5,"바로 행단보도 앞에 편의점이있어서 좋아서요
디파짓 요구하셨지만 현금 뽑아온다고하니깐 안해도된다고해서 나쁘지않았습니다
다음에 또 이용할생각있어요",바로 횡단보도 앞에 편의점이 있어서 좋아서요 디포짓 요구하셨지만 현금 뽑아온다고 하니깐 안 해도 된다고 해서 나쁘지 않았습니다 다음에 또 이용할 생각 있어요,2018. 07. 11
292,이비스 스타일 앰배서더 강남,5,하루만 숙박을 예상했으나 너무 좋아 이틀을 추가로 더 예약하여 지냈음. 교통이 너무 편리하고 외국인 손님들에게도 너무 좋은 호텔.,하루만 숙박을 예상했으나 너무 좋아 이틀을 추가로 더 예약하여 지냈음 교통이 너무 편리하고 외국인 손님들에게도 너무 좋은 호텔,2018. 04. 24
293,호텔 인 나인 강남,5,깨끗하고 시원해서 너무 좋아요^^,깨끗하고 시원해서 너무 좋아요,2021. 08. 01
294,호텔 인 나인 강남,5,많은 후기처럼 방음이..옆방 코고는 소리가 들리긴 함 근데 잠자리예민한편 아니라 개의치않고 잤는데 예민한 사람은 못잘듯,많은 후기처럼 방음이 옆방 코 고는 소리가 들리긴 함 근데 잠자리 예민한 편 아니라 개의치 않고 잤는데 예민한 사람은 못 잘 듯,2021. 07. 12
295,호텔 인 나인 강남,5,"시설도좋고
침대가 너무좋았습니다 
짱짱맨",시설도 좋고 침대가 너무 좋았습니다 짱짱맨,2021. 07. 04
296,호텔 인 나인 강남,5,시설이나 위치가 편해서좋았음,시설이나 위치가 편해서 좋았음,2021. 06. 13
297,호텔 인 나인 강남,5,"강남근처 갈일이 있어 전에 기분좋게 이용했던 호텔인나인을 방문했습니다.! 사실 여행갓다가 늦게 와서 온건데여 어제도 너무 편하게 자서 기분 좋게 나왔습니다!
잠만 잣는데 가격이 전혀 아깝지도 않고 직원도 친절해서 꿀잠 자고 나왔습니다! 조명도 눈아프지않고 은은하게 밝은 느낌이라 좋습니다!",강남 근처 갈 일이 있어 전에 기분 좋게 이용했던 호텔인 나인을 방문했습니다 사실 여행 갔다가 늦게 와서 온 건데요 어제도 너무 편하게 자서 기분 좋게 나왔습니다 잠만 잤는데 가격이 전혀 아깝지도 않고 직원도 친절해서 꿀잠 자고 나왔습니다 조명도 눈 아프지 않고 은은하게 밝은 느낌이라 좋습니다,2021. 06. 09
298,호텔 인 나인 강남,5,직원분들너무친절하고좋았습니다,직원분들 너무 친절하고 좋았습니다,2021. 05. 12
299,호텔 인 나인 강남,5,일단 청결도 부분에서 딱히 흠 잡을 게 없었어요 ! 가격대에 비해 객실이 좀 작은 느낌이 있긴 한데 층고도 높고 창도 커서 답답한 느낌은 전혀 없어요! 고층배정해서 그런가 소음도 거의 없었고 침대도 푹신해서 넘 잘자고 갑니다 !,일단 청결도 부분에서 딱히 흠잡을 게 없었어요  가격대에 비해 객실이 좀 작은 느낌이 있긴 한데 층고도 높고 창도 커서 답답한 느낌은 전혀 없어요 고층 배정해서 그런가 소음도 거의 없었고 침대도 푹신해서 너무 잘 자고 갑니다 ,2021. 05. 10
300,호텔 인 나인 강남,5,깔끔하고 친절하시고 오후3시입실이 너무좋았어요. 근처에 봉은사랑 코엑스도 있어서 놀기 좋아요,깔끔하고 친절하시고 오후에 입실이 너무 좋았어요 근처에 봉은사랑 코엑스도 있어서 놀기 좋아요,2021. 05. 05
301,호텔 인 나인 강남,5,와인 안주 정말 맛있네요 라운지가든 분위기도 짱. 호텔방도 좋았어요,와인 안주 정말 맛있네요 라운지 가든 분위기도 짱 호텔 방도 좋았어요,2021. 04. 23
302,호텔 인 나인 강남,5,직원이 엄청 친절하고 뷰가 좋아요!!!,직원이 엄청 친절하고 경치가 좋아요,2021. 04. 14
303,호텔 인 나인 강남,5,이 가격에 호캉스를 즐기다니ㅠㅠ 가성비로는 정말 이만한 곳이 없겠다 싶어용 객실 깨끗했고 야경도 좋았어요 다만 어느 객실이든 봉은사 뷰일거란 말씀과달리 봉은사가 잘 보이진 않더라구요..???? 그치만 호텔에서 놀았다!고 하기에 손색없는 서비스였구 직원분들도 친절하셨어서 잘 놀구 잘 쉬다 갑니당 ㅎㅎㅎㅎ,이 가격에 호캉스를 즐기다니  구성비 로는 정말 이만한 곳이 없겠다 싶어요 객실 깨끗했고 야경도 좋았어요 다만 어느 객실이든 봉은사 경치일 거란 말씀과 달리 봉은사가 잘 보이진 않더라고요 그렇지만 호텔에서 놀았다고 하기에 손색없는 서비스였고 직원분들도 친절하셨어서 잘 놀고 잘 쉬다 갑니다,2021. 04. 06
304,호텔 인 나인 강남,5,주차비가 너무 비싼거 말곤 다 좋아요,주차비가 너무 비싼 거 말곤 다 좋아요,2021. 03. 25
305,호텔 인 나인 강남,5,침대가 너무 편했어요. 레스토랑에서 저녁식사도 하고 즐거운 시간 보냈어요!!!,침대가 너무 편했어요 레스토랑에서 저녁식사도 하고 즐거운 시간 보냈어요,2021. 03. 14
306,호텔 인 나인 강남,5,"새벽에 청소하는건지 소리가 너무 시끄러워서 깼네요. 차도옆이라 소음도 좀 있고요
그래도 깔끔하고 침대는 편했어요",새벽에 청소하는 건지 소리가 너무 시끄러워서 깼네요 차도 옆이라 소음도 좀 있고요 그래도 깔끔하고 침대는 편했어요,2021. 03. 14
307,호텔 인 나인 강남,5,"주차비 좀 내려주세요
주차비 말곤 최고입니다",주차비 좀 내려주세요 주차비 말곤 최고입니다,2021. 02. 18
308,호텔 인 나인 강남,5,"정말 자주 가는 곳입니다!
교통도 편하고 내부도 깔끔합니다",정말 자주 가는 곳입니다 교통도 편하고 내부도 깔끔합니다,2021. 01. 16
309,호텔 인 나인 강남,5,좋았어요 앞으로도 애용할게요!!,좋았어요 앞으로도 애용할게요,2021. 01. 12
310,호텔 인 나인 강남,5,접근성도 좋고 깔끔하니 좋았습니다~,접근성도 좋고 깔끔하니 좋았습니다,2021. 01. 11
311,호텔 인 나인 강남,5,침구잠자리가 아주편하고 풍경도좋아요,침구 잠자리가 아주 편하고 풍경도 좋아요,2021. 01. 08
312,호텔 인 나인 강남,5,편의점 일분거리 지하철바로코앞 위치는 죽이네요 다만 생각한거보다 뷰가 좀 없었?다고 해야되나 19층이여서 그래도 좋았어요 침대 진짜 푹신해요,편의점 일분 거리 지하철 바로 코앞 위치는 죽이네요 다만 생각한 거보다 경치가 좀 없었다고 해야 되나 층이어서 그래도 좋았어요 침대 진짜 푹신해요,2021. 01. 01
313,호텔 인 나인 강남,5,방이 너무 깨끗하고 좋았습니다,방이 너무 깨끗하고 좋았습니다,2020. 12. 24
314,호텔 인 나인 강남,5,깨끗하고 침구도 편했고 너무 만족했습니다,깨끗하고 침구도 편했고 너무 만족했습니다,2020. 12. 20
315,호텔 인 나인 강남,5,"침구가 확실히좋습니다.
고층배정이라조용햇구요.
방이좁지만 벽하나가 통유리라 답답한느낌이 별로없네요.
맘에들어서 하루더 예약했습니다.",침구가 확실히 좋습니다고 층 배정이라 조용했고요 방이 좁지만 벽하나가 통유리라 답답한 느낌이 별로 없네요 맘에 들어서 하루 더 예약했습니다,2020. 12. 15
316,호텔 인 나인 강남,5,깔끔하고 호캉스 하기에 좋습니다!,깔끔하고 호캉스 하기에 좋습니다,2020. 12. 14
317,호텔 인 나인 강남,5,접근성이 좋아요 음식은 별로였구요,접근성이 좋아요 음식은 별로였고요,2020. 12. 12
318,호텔 인 나인 강남,5,코엑스몰도 가깝고 주변에 편의점도 있고 깔끔하고 무엇보다 페스티바 레스토랑의 뷰가 쥭입니다..... 담에 또 놀러올게요!,코엑스몰도 가깝고 주변에 편의점도 있고 깔끔하고 무엇보다 페스티바 레스토랑의 경치가 쥭입니다 담에 또 놀러 올게요,2020. 11. 01
319,호텔 인 나인 강남,5,"여자친구도 저도 만족스러운 체류였습니다.
21층 레스토랑 맛과 분위기 괜찮아요.

또 올게요",여자친구도 저도 만족스러운 체류였습니다 층 레스토랑 맛과 분위기 괜찮아요 또 올게요,2020. 10. 31
320,호텔 인 나인 강남,5,교통이 편리하고 시설이 깔끔하고 좋았어요!,교통이 편리하고 시설이 깔끔하고 좋았어요,2020. 10. 13
321,호텔 인 나인 강남,5,집 앞이라 종종 가는데 정말 최고입니다. 방음도 잘되고 뷰도 좋고 무엇보다 침대가 에*스인데 숙면을 취하도록 해줍니다. 그리고 화장실에서 목욕을해도 습기가 정말 잘 빠져요. 다만 루프탑은 그냥 그래요..비오는 날 가서 실패한건지 모르겠는데 별거없어요..,집 앞이라 종종 가는데 정말 최고입니다 방음도 잘되고 경치도 좋고 무엇보다 침대가 에스인데 숙면을 취하도록 해줍니다 그리고 화장실에서 목욕을 해도 습기가 정말 잘 빠져요 다만 루프탑은 그냥 그래요 비 오는 날 가서 실패한 건지 모르겠는데 별거 없어요,2020. 08. 24
322,호텔 인 나인 강남,5,무엇보다 침대와 침구가 대만족스러워 숙면을 취할수 있었음. 전체적으로 세련되고 깔끔하였고 직원분들도 친절했음.또 찾고싶을정도로 만족스러웠습니다.^^,무엇보다 침대와 침구가 대만족스러워 숙면을 취할 수 있었음 전체적으로 세련되고 깔끔하였고 직원분들도 친절했음 또 찾고 싶을 정도로 만족스러웠습니다,2020. 07. 15
323,호텔 인 나인 강남,5,완젼 깨끗하고 분위기 좋았어여,완전 깨끗하고 분위기 좋았어요,2020. 05. 31
324,호텔 인 나인 강남,5,코로나로 인해 가성비가 좋네요. 그전엔 비싸서 못 와 봤는데ㅎ,코로나로 인해  구성비 가 좋네요 그전엔 비싸서 못 와 봤는데,2020. 05. 31
325,호텔 인 나인 강남,5,근처에 볼일이 있어서 숙박했는데 교통도 좋고 근처에 카페나 맛집도 많아서 편하게 잘 이용했습니다. 재방문의사 100%예요,근처에 볼일이 있어서 숙박했는데 교통도 좋고 근처에 카페나 맛 집도 많아서 편하게 잘 이용했습니다 재방문 의사예요,2020. 05. 30
326,호텔 인 나인 강남,5,깔끔하고 세련된 느낌이 들었습니다,깔끔하고 세련된 느낌이 들었습니다,2020. 02. 29
327,호텔 인 나인 강남,5,"주차걱정 없고, 지하철역 바로 옆이고, 직원분들 친절하시고 다 좋았습니다. 다음에도 또 가야겠다는 생각이 드네요",주차 걱정 없고 지하철역 바로 옆이고 직원분들 친절하시고 다 좋았습니다 다음에도 또 가야겠다는 생각이 드네요,2020. 02. 18
328,호텔 인 나인 강남,5,깨끗하고 감각적인 호텔이라 좋았어요 큰 창과 센스있는 .. 다만 방은 생각보다 조금 더 좁았어요 그래도 좋았던 기억. 침대도 푹신하고 잘 잤어요,깨끗하고 감각적인 호텔이라 좋았어요 큰 창과 센스 있는  다만 방은 생각보다 조금 더 좁았어요 그래도 좋았던 기억 침대도 푹신하고 잘 잤어요,2020. 02. 05
329,호텔 인 나인 강남,5,"가성비 괜찮아요. 위치, 청결도, 시설 모두 만족합니다.", 구성비  괜찮아요 위치 청결도 시설 모두 만족합니다,2019. 10. 01
330,호텔 인 나인 강남,5,위치 전망은 정말 좋아요. 호캉스패키지 이용했는데 가격대비는 쏘쏘..,위치 전망은 정말 좋아요 호캉스패키지 이용했는데  구성비 는 쏘 쏘,2019. 08. 23
331,호텔 인 나인 강남,5,"코엑스 앞이라 위치도 좋고, 
서비스 객실 청결도 모두 만족입니다:)",코엑스 앞이라 위치도 좋고 서비스 객실 청결도 모두 만족입니다,2019. 08. 04
332,호텔 인 나인 강남,5,다음에 꼭 다시오고싶을 정도로 좋아요,다음에 꼭 다시 오고 싶을 정도로 좋아요,2019. 07. 30
333,호텔 인 나인 강남,5,"데스크 직원 아주 친절하고, 뷰가 엄청 좋았습니다!",데스크 직원 아주 친절하고 경치가 엄청 좋았습니다,2019. 05. 22
334,호텔 인 나인 강남,5,"코엑스랑 너무 가깝고 위치도 좋습니다.
침대도 편하고 다 좋은데, 외풍이 좀 있고 외부 소음이 심하다는 단점이 있네요. 큰길가 옆이라 어떨수 없지만",코엑스랑 너무 가깝고 위치도 좋습니다 침대도 편하고 다 좋은데 외풍이 좀 있고 외부 소음이 심하다는 단점이 있네요 큰길가 옆이라 어떨 수 없지만,2019. 03. 28
335,호텔 인 나인 강남,5,19층 뷰가 진짜 굿굿 직원언니도 짱친절하시구 방도 깨끗하고 침대도 너무 푹신했어요ㅠㅠ 모든게 완벽했던 하루:),층 경치가 진짜 굿굿 직원 언니도 망친 절하 시구 방도 깨끗하고 침대도 너무 푹신했어요 모든 게 완벽했던 하루,2019. 03. 11
336,호텔 인 나인 강남,5,"4일 연박했는데 룸 컨디션 좋음, 지난달 2월 개장한 호텔이라 호텔 모든시설이 깨끗함 프론트 여직원,남직원분들 다 친절함!! 수압이 좀 약하긴하나 샤워시 불편할정도는 아님
다만 좀 아쉬웠던건..호텔방 바닦이 카펫재질인데..바닦 청소좀 신경써주셨으면 좋겠어요ㅠ 첫날 슬리퍼 안신고 양말신고 돌아다녔는데 머리카락이 발바닥에 한움쿰 뭍어나더라구요ㅠㅠ
다음에도 강남에 묶을일이 있으면 여기에 묶고 싶네요!",일 연방했는데 룸 컨디션 좋음 지난달 월 개장한 호텔이라 호텔 모든 시설이 깨끗함 프런트 여직원 남직원분들 다 친절함 수압이 좀 약하긴 하나 샤워 시 불편할 정도는 아님다만 좀 아쉬웠던 건 호텔방 바닥이 카펫 재질인데 바닥 청소 좀 신경 써주셨으면 좋겠어요 첫날 슬리퍼 안 신고 양말 신고 돌아다녔는데 머리카락이 발바닥에 한 움큼 묻어나더라고 요다음에도 강남에 묶을 일이 있으면 여기에 묶고 싶네요,2019. 03. 08
337,호텔 인 나인 강남,5,"위치가 넘 좋아요 봉은사역은 바로 코앞이구 코엑스. 삼성역. 청담역 다 걸어서 10분이내 가능합니다! 
디너도 같이 포함되어있었는데 퀄리티 짱😄
새로 오픈한거라 전체적으로 다 깨끗했구요
저층에 묵어서 그런지 뷰는 그냥그랬어요 근데 레스토랑에서 한강다리는 뷰는 최곱니당 ㅎㅎ
별로였던건 어매니티 샴푸가 린스겸용이라그런지 뻗뻗한 정도? 사진은 정말 맛있었던 스테이크루 ㅋㅋㅋ더보기",위치가 너무 좋아요 봉은사역은 바로 코앞이고 코엑스 삼성역 청담역 다 걸어서 분 이내 가능합니다 디너도 같이 포함되어있었는데 퀄리티 짜증 새로 오픈한 거라 전체적으로 다 깨끗했고요 저층에 묵어서 그런지 경치는 그냥 그랬어요 근데 레스토랑에서 한강 다리는 경치는 최곱니다 별로였던 건 어메니티 샴푸가 린스 겸용이라 그런지 뻣뻣한 정도 사진은 정말 맛있었던 스테이 크루 ,2019. 03. 02
338,호텔 인 나인 강남,5,깨끗하고 친절하고 식사도 좋고  매우만족합니다,깨끗하고 친절하고 식사도 좋고  매우 만족합니다,2019. 02. 25
339,L7 강남 바이 롯데,5,tv셋톱에 문제 잇었는데 빠르게 처리해주셨습니다,셋톱에 문제 있었는데 빠르게 처리해주셨습니다,2021. 07. 23
340,L7 강남 바이 롯데,5,직원분들도 친절하시고 시설도 만족스러웠습니다 :),직원분들도 친절하시고 시설도 만족스러웠습니다 ,2021. 07. 10
341,L7 강남 바이 롯데,5,엘리베이터가 조금 부족한거 빼고는 단점 없음,엘리베이터가 조금 부족한 거 빼고는 단점 없음,2021. 06. 03
342,L7 강남 바이 롯데,5,제가 묵었던 방은 스탠다드 더블 객실입니다. 실수로 트윈룸으로 잘못 예약하였으나 직원분이 친절하게 응대해주셔서 마음이 가벼워졌습니다. 객실은 전부 고층에 있습니다. 한눈에 보이는 시티뷰에 야경도 멋지더라구요!! 샤워 비품은 향 좋아서 브랜드까지 메모해놓고 왔어요 ㅠㅠ 침대 매트리스는 매우 푹신하였고 배게와 이불도 폭 들어가는 소재였습니다. 뭐 하나 빼놓을 것도 없이 너무 좋았습니다💕💕,제가 묵었던 방은 스탠더드 더블 객실입니다 실수로 트윈룸으로 잘못 예약하였으나 직원분이 친절하게 응대해주셔서 마음이 가벼워졌습니다 객실은 전부 고층에 있습니다 한눈에 보이는 시티 경치어 야경도 멋지더라고요 샤워 비품은 향 좋아서 브랜드까지 메모해놓고 왔어요  침대 매트리스는 매우 푹신하였고 베개와 이불도 폭 들어가는 소재였습니다 뭐 하나 빼놓을 것도 없이 너무 좋았습니다,2021. 05. 20
343,L7 강남 바이 롯데,5,"하루만 이용하려다
좋아서 추가 하루 더 있었습니다.",하루만 이용하려다 좋아서 추가 하루 더 있었습니다,2021. 05. 11
344,L7 강남 바이 롯데,5,"서비스 최고였어요 ,, 너무 친절하시구 방에는 먼지가 좀 있었는지 안 그래도 비염이 심한데 다음날 아침에 숨 쉬기가 좀 힘들었어요,,, 그것 빼곤 진짜 친절하셔서 너무 만족했어요 🙆🏻‍♀️",서비스 최고였어요  너무 친절하시고 방에는 먼지가 좀 있었는지 안 그래도 비염이 심한데 다음날 아침에 숨쉬기가 좀 힘들었어요 그것 빼곤 진짜 친절하셔서 너무 만족했어요 ,2021. 04. 26
345,L7 강남 바이 롯데,5,"접근성, 위치 최고의 장소입니다.
번화가에 위치하여 식사도 이동도 편리합니다. 
전직원 모두 친절하시고, 룸컨디션도 좋습니다.",접근성 위치 최고의 장소입니다 번화가에 위치하여 식사도 이동도 편리합니다 전 직원 모두 친절하시고 룸 컨디션도 좋습니다,2021. 04. 07
346,L7 강남 바이 롯데,5,교통도 편리하고 깨끗하고 좋아요,교통도 편리하고 깨끗하고 좋아요,2021. 03. 23
347,L7 강남 바이 롯데,5,깔끔하고 뷰도 좋고 편하게 쉬다갑니다,깔끔하고 경치도 좋고 편하게 쉬다 갑니다,2021. 03. 20
348,L7 강남 바이 롯데,5,잘 쉬다 갑니다~!! L7역시 너무 편해요~~,잘 쉬다 갑니다 역시 너무 편해요,2021. 03. 09
349,L7 강남 바이 롯데,5,진짜 분위기 좋고 새벽감성 너무 좋았습니다.,진짜 분위기 좋고 새벽 감성 너무 좋았습니다,2021. 03. 05
350,L7 강남 바이 롯데,5,갈때마다 들리는곳이예요 청결도나 접근성도 좋고 부모님도 만족하시네요ㅎㅎ,갈 때마다 들리는 곳이에요 청결도 나 접근성도 좋고 부모님도 만족하시네요,2021. 03. 02
351,L7 강남 바이 롯데,5,누군진 모르지만 너무 친절하셨고 좋았어요,누군진 모르지만 너무 친절하셨고 좋았어요,2021. 02. 24
352,L7 강남 바이 롯데,5,침구도 푹신하구 너무 좋았어요! 아침에 조식 먹으러 식당 내려갔는데 컷트머리 하신 여직원 분 너무 친절하시고 감사했어요!!,침구도 푹신하고 너무 좋았어요 아침에 조식 먹으러 식당 내려갔는데 커트머리하신 여직원 분 너무 친절하시고 감사했어요,2021. 02. 21
353,L7 강남 바이 롯데,5,티비가다소작은편이긴하지만 위치도 숙소도 다좋앗어요,티브이가 다소 작은 편이긴 하지만 위치도 숙소도 다 좋았어요,2021. 01. 01
354,L7 강남 바이 롯데,5,선능쪽으로 안내 받았어요. 아주 만족합니다.,선릉 쪽으로 안내받았어요 아주 만족합니다,2020. 12. 24
355,L7 강남 바이 롯데,5,쾌적하게 몇박동안 잘 쉬다갑니다 위치 좋아요!!,쾌적하게 몇 박 동안 잘 쉬다 갑니다 위치 좋아요,2020. 12. 16
356,L7 강남 바이 롯데,5,선릉역이랑 가까워서 접근성도 좋고 객실도 깨끗해요!! 특히 직원분들이 다들 너무 친절해요 👍👍 코로나로 인해 호텔 내 시설들은 이용 못했지만 객실에서 제대로 된 호캉스 하고 왔어여 ㅎㅎ 꼭 재방문할거에요!!,선릉역이랑 가까워서 접근성도 좋고 객실도 깨끗해요 특히 직원분들이 다들 너무 친절해요  코로나로 인해 호텔 내 시설들은 이용 못했지만 객실에서 제대로 된 호캉스 하고 왔어요  꼭 재방문할 거예요,2020. 12. 16
357,L7 강남 바이 롯데,5,두번째 방문~~ 욕조 있는 룸 요청했더니 바로 해주셔서 감사해요^^  역시 L7은 꿀잠입니다~ ㅎ 잠이 솔솔 오는 마성의 호텔 ㅎㅎ 잘 쉬고 왔어요~~,두 번째 방문 욕조 있는 룸 요청했더니 바로 해주셔서 감사해요  역시 은 꿀잠입니다  잠이 솔솔 오는 마성의 호텔  잘 쉬고 왔어요,2020. 12. 14
358,L7 강남 바이 롯데,5,"매우 맘에 들어요
앞으로 자주 찾을 생각입니다 :)",매우 맘에 들어요 앞으로 자주 찾을 생각입니다 ,2020. 12. 12
359,L7 강남 바이 롯데,5,"주차장이 매우 협소해서 이중주차한 차량때문에 출차가 매우 힘들었다
뷰나 시설은 아주 만족할만 했다",주차장이 매우 협소해서 이중주차한 차량 때문에 출차가 매우 힘들었다 경치나 시설은 아주 만족할만했다,2020. 12. 06
360,L7 강남 바이 롯데,5,아주 좋았습니다 엘리베이터 답답한 거 빼고 ㅠ,아주 좋았습니다 엘리베이터 답답한 거 빼고 ,2020. 11. 25
361,L7 강남 바이 롯데,5,침구역시 실망시키지않고 꿀잠자고 푹쉬다가 갑니당~,침구 역시 실망시키지 않고 꿀 잠자고 푹 쉬다가 갑니다,2020. 11. 20
362,L7 강남 바이 롯데,5,깨끗하고 위치 좋습니다. 다만 수압이 좀 낮고 주차장 진출입로가 무지 좁아요,깨끗하고 위치 좋습니다 다만 수압이 좀 낮고 주차장 진출입로가 무지 좁아요,2020. 11. 18
363,L7 강남 바이 롯데,5,이불 완전 포근하구 가든뷰 이뻐요,이불 정말 포근하고 가든 경치 이뻐요,2020. 11. 15
364,L7 강남 바이 롯데,5,뷰도좋고 넘깨끗하고 프론트도 친절해서 좋았어요 또가구싶네용,경치도 좋고 너무 깨끗하고 프런트도 친절해서 좋았어요 또 가구 싶네요,2020. 11. 02
365,L7 강남 바이 롯데,5,"레이트체크아웃해서 편하게 쉬고왔습니다
직원분들 다들 너무친절하셨어요~!👍👍👍",레이트 체크아웃해서 편하게 쉬고 왔습니다 직원분들 다들 너무 친절하셨어요,2020. 10. 22
366,L7 강남 바이 롯데,5,주차가 넘 좁고 엘베타려면 시간이 걸린다는 단점에도 불구하고 만족스러웠어요 ! 직원분들 친절하고 뷰도좋고 방도 깔끔 ㅎㅎ,주차가 너무 좁고 엘베 타려면 시간이 걸린다는 단점에도 불구하고 만족스러웠어요  직원분들 친절하고 경치도 좋고 방도 깔끔 ,2020. 10. 15
367,L7 강남 바이 롯데,5,"친구가 놀러와서 집 근처 L7에 묶어봤어요
가격도 저렴하고 방도 은근 넓고예
편히 잘 놀다 갑니다
다음에 또 이용할께요

신라스테이 역삼보다 나았어여더보기",친구가 놀러 와서 집 근처에 묶어봤어요 가격도 저렴하고 방도 은근 넓고에 편히 잘 놀다 갑니다 다음에 또 이용할게요 신라스테이 역삼보다 나았어요 ,2020. 10. 05
368,L7 강남 바이 롯데,5,다른 4성급 호텔에 비해서 아주 조용한 편이라 잘 쉬다갑니다.아쉬운점은 주차장에서 로비까지 엘베 환승해야된다는 번거로움이 있고 주차장이 좁은편입니다,다른 성급 호텔에 비해서 아주 조용한 편이라 잘 쉬다 갑니다 아쉬운 점은 주차장에서 로비까지 엘베 환승해야 된다는 번거로움이 있고 주차장이 좁은 편입니다,2020. 10. 05
369,L7 강남 바이 롯데,5,"굿! 방에먼지가좀많아요
 나머지는 쵝오",굿 방에 먼지가 좀 많아요 나머지는 최고,2020. 09. 28
370,L7 강남 바이 롯데,5,만족스러웠습니다~ 친절하고 편안했어요,만족스러웠습니다 친절하고 편안했어요,2020. 09. 24
371,L7 강남 바이 롯데,5,선릉역에서 정말 가깝고 직원들도 친절합니다. 객실도 깨끗하구요.,선릉역에서 정말 가깝고 직원들도 친절합니다 객실도 깨끗하고요,2020. 08. 15
372,L7 강남 바이 롯데,5,"부모님하고 함께 머물렀어요 ㅎ 
굉장히 친절했고 ㅎ
가격도 저렴했도 무엇보다 역과 가까워 
편했습니다 ㅎ",부모님하고 함께 머물렀어요  굉장히 친절했고 가격도 저렴했도 무엇보다 역과 가까워 편했습니다 ,2020. 07. 31
373,L7 강남 바이 롯데,5,다 좋은데 오늘은 환기가 안된거 같아서 별 하나 뺏어요,다 좋은데 오늘은 환기가 안된 거 같아서 별 하나 뺏어요,2020. 07. 05
374,L7 강남 바이 롯데,5,깨끗하고 아늑한 숙소였습니다. 냉장고가 작은게 제일 아쉬웠지만 나머지는 너무 좋았습니다!,깨끗하고 아늑한 숙소였습니다 냉장고가 작은 게 제일 아쉬웠지만 나머지는 너무 좋았습니다,2020. 07. 02
375,L7 강남 바이 롯데,5,롯데호텔이라그런지 퀼리티 나쁘지 않음,롯데호텔이라 그런지 퀄리티 나쁘지 않음,2020. 06. 25
376,L7 강남 바이 롯데,5,깔끔하고 뷔페 맛있고 좋았습니다!,깔끔하고 뷔페 맛있고 좋았습니다,2020. 06. 23
377,L7 강남 바이 롯데,5,엘세븐은 강남근처에서 숙박하기 너무 좋습니다 ㅜㅜ,엘세븐은 강남 근처에서 숙박하기 너무 좋습니다 ,2020. 06. 21
378,L7 강남 바이 롯데,5,조금 큰 룸이 있었어면 좋겠네요,조금 큰 룸이 있었어 면 좋겠네요,2020. 06. 12
379,L7 강남 바이 롯데,5,선릉에 위치해 있다보니 너무 편하네요,선릉에 위치해 있다 보니 너무 편하네요,2020. 06. 06
380,L7 강남 바이 롯데,5,"그냥 좋습니다
근데 넘늦게 체크인해서 시설들을 이용못한게아쉬워요",그냥 좋습니다 근데 너무 늦게 체크인해서 시설들을 이용 못한 게 아쉬워요,2020. 05. 11
381,L7 강남 바이 롯데,5,깔끔하고 접근성 좋고 패키지 상품도 좋아서 호캉스하기 좋아요,깔끔하고 접근성 좋고 패키지 상품도 좋아서 호캉스하기 좋아요,2020. 04. 26
382,L7 강남 바이 롯데,5,"위치,서비스,청결 모두 완벽했습니다.",위치 서비스 청결 모두 완벽했습니다,2020. 04. 08
383,L7 강남 바이 롯데,5,엘리베이터를 갈아타야하는 번거로움과 충전기 렌탈이 안되는 점 그리고 확진자 동선이 포함되었다는것만 빼면 좋은듯합니다.,엘리베이터를 갈아타야 하는 번거로움과 충전기 렌털이 안되는 점 그리고 확진자 동선이 포함되었다는 것만 빼면 좋은듯합니다,2020. 04. 03
384,L7 강남 바이 롯데,5,침구류가 정말 좋았고 깔끔했습니다~ 체크아웃도 늦게하고 늘어지게 잘 쉬었어요!,침구류가 정말 좋았고 깔끔했습니다 체크아웃도 늦게 하고 늘어지게 잘 쉬었어요,2020. 03. 23
385,L7 강남 바이 롯데,5,주차장 좁은 것 빼고 전부 너무너무 좋았습니다.^^,주차장 좁은 것 빼고 전부 너무너무 좋았습니다,2020. 03. 16
386,L7 강남 바이 롯데,5,"룸 컨디션, 고객 응대 다 좋았어요
체크인 후에 지갑을 잃어버린 줄 알고 전화했을 때 친절히 응대해준 직원에게 감사드려요
지갑이 가방에 있는 줄 모르고 너무 재촉해서 미안합니다
덕분에 즐거운 설 연휴 보내고 가요
다시 한번 감사드려요 새해 복 많이 받으세요~~~ㄱ더보기",룸 컨디션 고객 응대 다 좋았어요 체크인 후에 지갑을 잃어버린 줄 알고 전화했을 때 친절히 응대해준 직원에게 감사드려요 지갑이 가방에 있는 줄 모르고 너무 재촉해서 미안합니다 덕분에 즐거운 설 연휴 보내고 가요 다시 한번 감사드려요 새해 복 많이 받으세요 ,2020. 01. 27
387,L7 강남 바이 롯데,5,모든 점이 좋았구요. 편히 쉬다 갑니다,모든 점이 좋았고요 편히 쉬다 갑니다,2020. 01. 11
388,L7 강남 바이 롯데,5,깔끔하고 너무 침구류도 깨끗했어요,깔끔하고 너무 침구류도 깨끗했어요,2019. 11. 18
389,L7 강남 바이 롯데,5,"가성비 갑
26층배정해주셔서 뷰도 탁트여서 정말 좋았어요
후기처럼 깔끔하고 편하게 쉬었어요
다음번에도 갈거에요~~^^", 구성비  각층 배정해 주셔서 경치도 탁 트여서 정말 좋았어요 후기처럼 깔끔하고 편하게 쉬었어요 다음번에도 갈 거예요,2019. 11. 10
390,L7 강남 바이 롯데,5,엄청 깨끗하고 서비스좋고 아주만족합니다 강추,엄청 깨끗하고 서비스 좋고 아주 만족합니다 강추,2019. 09. 24
391,L7 강남 바이 롯데,5,"객실 청결 상태, 입지 조건, 객실 넓이, 도심 뷰, 침구류
모든 면이 다 좋았어요",객실 청결 상태 입지 조건 객실 넓이 도심 경치 침구류 모든 면이 다 좋았어요,2019. 08. 27
392,L7 강남 바이 롯데,5,체크인부터 체크아웃까지 완벽합니다,체크인부터 체크아웃까지 완벽합니다,2019. 04. 07
393,L7 강남 바이 롯데,5,"엄마가 서울에 일이 있어서 여기로 예약해 드렸는데
너무 좋았다고 하네요^^",엄마가 서울에 일이 있어서 여기로 예약해 드렸는데 너무 좋았다고 하네요,2019. 03. 08
394,L7 강남 바이 롯데,5,모든 시설과 숙소가 깔끔하고 좋았음. 주차장이 협소하니 참조 바람.,모든 시설과 숙소가 깔끔하고 좋았음 주차장이 협소하니 참조 바람,2019. 02. 13
395,L7 강남 바이 롯데,5,진짜 조아효.... 또갈거에요 특히 침구가 최고,진짜 좋아요 또 갈 거예요 특히 침구가 최고,2018. 10. 02
396,L7 강남 바이 롯데,5,침대가 엄청 폭신했고 객실도 깔끔했어요,침대가 엄청 폭신했고 객실도 깔끔했어요,2018. 10. 02
397,L7 강남 바이 롯데,5,주차공간이 부족한거빼면 좋습니다,주차공간이 부족한 거 빼면 좋습니다,2018. 08. 14
398,L7 강남 바이 롯데,5,"매우만족 
저녁뷔페도 디저트 맛있었음
침구도 굿 
족욕도 굿",매우 만족 저녁 뷔페도 디저트 맛있었음 침구도 굿 족욕도 굿,2018. 07. 10
399,L7 강남 바이 롯데,5,"벌써 4번째?머물다 가네요.일단 가성비 넘 좋구요,직원분들 다 친절하세요^^
아기랑도 올 만 하구요~
생각지도못한 패밀리 트윈 업글 받아서 기분 더 좋네요:)",벌써 번째 머물다 가네 요일단  구성비  너무 좋고요 직원분들 다 친절하세요 아기랑도 올만한 구요 생각지도 못한 패밀리 트윈 업글 받아서 기분 더 좋네요,2018. 07. 07
400,L7 강남 바이 롯데,5,매우 깨끗하고 주차도 편해서 숙박하기 좋습니다!,매우 깨끗하고 주차도 편해서 숙박하기 좋습니다,2018. 04. 26
401,L7 강남 바이 롯데,5,좋은데요 청소 후 가운이랑 객실화 다시 안채워주는거 별로였어요,좋은데요 청소 후 가운이랑 객실화 다시 안 채워주는 거 별로였어요,2018. 04. 24
402,L7 강남 바이 롯데,5,깔끔하고 좋네요 디너도 맛있었어요,깔끔하고 좋네요 디너도 맛있었어요,2018. 03. 31
403,L7 강남 바이 롯데,5,체크인도 편리하고 룸도 깨끗하고 좋았습니다^^,체크인도 편리하고 룸도 깨끗하고 좋았습니다,2018. 02. 11
404,신천(잠실새내) 호텔 더 캐슬,5,"좋았어유 다만 시티뷰라고 하긴 민망한 뷰,,,",좋았어 유 다만 시티 부라고 하긴 민망한 경치,2021. 07. 17
405,신천(잠실새내) 호텔 더 캐슬,5,다 좋은데 방음이 살짝 안좋았어요ㅠ 하지만 좋은 기억때문에 자주 이용합니다~,다 좋은데 방음이 살짝 안 좋았어요 하지만 좋은 기억 때문에 자주 이용합니다,2020. 12. 25
406,신천(잠실새내) 호텔 더 캐슬,5,가운도 너무부드럽고 시설도 깨끗하고 좋았습니다.,가운도 너무 부드럽고 시설도 깨끗하고 좋았습니다,2020. 05. 12
407,신천(잠실새내) 호텔 더 캐슬,5,방음이 안됐어요ㅜㅜ 그치만 난방이 빵빵해서 좋았어요,방음이 안됐어요 그렇지만 난방이 빵빵해서 좋았어요,2019. 12. 25
408,신천(잠실새내) 호텔 더 캐슬,5,"두번째 방문인데 역시나 좋았고 다만 배게에 핏자국이 약간 있어서 청결도 별 하나 뺐습니다ㅠㅠ 
그거 빼고는 직원분들도 넘 친절하시고 고데기 대여. 노트북 대여 등 서비스가 많아서 좋아요!",두 번째 방문인데 역시나 좋았고 다만 베개에 핏자국이 약간 있어서 청결도 별 하나 뺐습니다 그거 빼고는 직원분들도 너무 친절하시고 고데기 대여 노트북 대여 등 서비스가 많아서 좋아요,2019. 12. 01
409,신천(잠실새내) 호텔 더 캐슬,5,지은지 얼마안돼서 깨끗했습니다. 바닥에 보일러도 들어와서 따뜻하게 잣어요~ 안좋았던 점은 바깥의 소음이 잘들린다는점이에요. 주변에 술집많아서 시끄러웟네요 ㅠㅠ,지은지 얼마 안 돼서 깨끗했습니다 바닥에 보일러도 들어와서 따뜻하게 잣어요 안 좋았던 점은 바깥의 소음이 잘 들린다는 점이에요 주변에 술집 많아서 시끄러웠네요,2019. 11. 08
410,호텔 뉴브,5,"6층으로 배정 받았는데 햇볕도 잘 들어오고 깨끗해서 좋았어요!!
아쉬운 점이 있다면 티비 아래에 소파?가 있는데 좀 더러웠다는 점입니다!
방음이 정말 잘 되는 편이였는데 다른 방에서 문 여닫을 때 마다 쿵쿵 소리가 들렸어요! 화장실쪽에서 특히 잘 들렸는데 처음에는 누가 문 두드리는 줄 알고 나가보기도
.ㅎㅎㅎㅎ 매트리스가 정말 좋았고 화장실이 깨끗해서 특히 마음에 들었어요

담에 근처에 머물 일 생기면 또 예약할거에요~~
너무 좋았어요더보기",층으로 배정받았는데 햇볕도 잘 들어오고 깨끗해서 좋았어요 아쉬운 점이 있다면 티브이 아래에 소파가 있는데 좀 더러웠다는 점입니다 방음이 정말 잘 되는 편이였는데 다른 방에서 문 여닫을 때마다 쿵쿵 소리가 들렸어요 화장실 쪽에서 특히 잘 들렸는데 처음에는 누가 문 두드리는 줄 알고 나가보기도 매트리스가 정말 좋았고 화장실이 깨끗해서 특히 마음에 들었어 요담에 근처에 머물 일 생기면 또 예약할 거예요 너무 좋았어요 ,2021. 04. 20
411,호텔 뉴브,5,"조용하고 깨끗해서 도심속 호텔같지 않았어요
잘쉬었다는 좋은 기억 남겼습니다.",조용하고 깨끗해서 도심 속 호텔 같지 않았어요 잘 쉬었다는 좋은 기억 남겼습니다,2021. 03. 10
412,호텔 뉴브,5,"가성비 최고였네요
잘쉬었다 갑니다.", 구성비  최고였네요 잘 쉬었다 갑니다,2021. 02. 26
413,호텔 뉴브,5,지하철역에서도 가깝고 시설도 깨끗하고 가격도 합리적이네요.,지하철역에서도 가깝고 시설도 깨끗하고 가격도 합리적이네요,2020. 08. 02
414,호텔 뉴브,5,"청결하고 침대도 좋구요. 모두 좋았어요
하지만..욕실과 화장실이  투명유리로.. ㅠ 가족과 출장으로 지인과 같이 가면 많이 불편할듯해요. 화장실 사용할때 가장 불편햤어요.",청결하고 침대도 좋고요 모두 좋았어요 하지만 욕실과 화장실이  투명 유리로  가족과 출장으로 지인과 같이 가면 많이 불편할듯해요 화장실 사용할 때 가장 불편햤어요,2020. 05. 24
415,호텔 뉴브,5,"모든게 만족.
세면대 물빠짐이 좀답답",모든 게 만족 세면대 물 빠짐이 좀 답답,2020. 05. 17
416,호텔 뉴브,5,2박3일 연박으로 머물수 있는 곳을 찾았는데 여기 호텔은 지하철역도 가깝고 바로 앞에 음식점도 많고 편의점도 있어서 좋았어요! 다음에 또 이용할 것 같습니다😊,박일 연박으로 머물 수 있는 곳을 찾았는데 여기 호텔은 지하철역도 가깝고 바로 앞에 음식점도 많고 편의점도 있어서 좋았어요 다음에 또 이용할 것 같습니다,2020. 05. 17
417,호텔 뉴브,5,좋긴한데 가격이 많이 올라서,좋긴 한데 가격이 많이 올라서,2020. 01. 03
418,호텔 뉴브,5,"연박이였는데 상당히 좋았어요
접근성도 좋고 시설도 완벽합니다 !",연 박이었는데 상당히 좋았어요 접근성도 좋고 시설도 완벽합니다 ,2019. 02. 01
419,호텔 뉴브,5,깨끗하고 좋아요 화장실 밖에서 보이는것만 어떻게 되었으면ㅠㅠ,깨끗하고 좋아요 화장실 밖에서 보이는 것만 어떻게 되었으면,2018. 10. 01
420,호텔 뉴브,5,모두들 호텔 잘 구했다고 난리 폭풍검색 덕분이었어요,모두들 호텔 잘 구했다고 난리 폭풍 검색 덕분이었어요,2018. 08. 05
421,호텔 뉴브,5,깨끗하고 방사이즈도 딱좋아요,깨끗하고 방 사이즈도 딱 좋아요,2018. 07. 28
422,라마다 서울 강남,5,전화문의좀만 친절햇으면~~깔끔해요,전화문의 좀 만 친절했으면 깔끔해요,2021. 08. 11
423,라마다 서울 강남,5,이번에도 너무 잘 묵다 갑니다 ~~~,이번에도 너무 잘 묵다 갑니다 ,2021. 07. 15
424,라마다 서울 강남,5,낡은 느낌은 있지만 꽤나 청결하고 좋았습니다,낡은 느낌은 있지만 꽤나 청결하고 좋았습니다,2021. 06. 26
425,라마다 서울 강남,5,좋아요 다만 옆방 소리 복도 소리가 너무 잘 들려요..,좋아요 다만 옆방 소리 복도 소리가 너무 잘 들려요,2021. 05. 05
426,라마다 서울 강남,5,대만족합니다^^ 청담쪽에 볼일이 있어 묵었는데 위치 최고예요,대만족합니다 청담 쪽에 볼일이 있어 묵었는데 위치 최고예요,2021. 04. 26
427,라마다 서울 강남,5,전망좋고 깨끗해서 너무 좋아요,전망 좋고 깨끗해서 너무 좋아요,2021. 04. 23
428,라마다 서울 강남,5,"칫솔, 치약, 면도기 구입 따로 해야하지만 선정릉에서 호텔은 항상 라마다로 가요 옛스러움이 좋아서요:)",칫솔 치약 면도기 구입 따로 해야 하지만 선정릉에서 호텔은 항상 라마다로 가요 예스러움이 좋아서요,2021. 04. 14
429,라마다 서울 강남,5,선정릉역 바로 앞에 있고 넘 조아요,선정릉역 바로 앞에 있고 너무 좋아요,2021. 04. 11
430,라마다 서울 강남,5,전망이 좋아 답답하지 않아요.,전망이 좋아 답답하지 않아요,2021. 03. 14
431,라마다 서울 강남,5,언제와도 편안하게 잘 수 있는 곳입니다.,언제 와도 편안하게 잘 수 있는 곳입니다,2021. 01. 20
432,라마다 서울 강남,5,"ㅜㅜㅜㅜㅜㅜㅜㅜㅜㅜ
잘쉬다갑니다.",잘 쉬다 갑니다,2021. 01. 10
433,라마다 서울 강남,5,가성비 좋습니다. 항상 만족스러워요, 구성비  좋습니다 항상 만족스러워요,2020. 12. 05
434,라마다 서울 강남,5,시설이 오래되었어도 잘 관리된 호텔입니다~,시설이 오래되었어도 잘 관리된 호텔입니다,2020. 11. 24
435,라마다 서울 강남,5,탁트인 전망 펀리한 교통 좋아요,탁 트인 전망 편리한 교통 좋아요,2020. 10. 29
436,라마다 서울 강남,5,"깨끗하지는 않지만
매우 친절, 접근성 좋음",깨끗하지는 않지만 매우 친절 접근성 좋음,2020. 10. 27
437,라마다 서울 강남,5,"특급호텔 못지 않은 서비스, 친절함으로  응대하는 직원들 모두 좋아요",특급호텔 못지않은 서비스 친절함으로  응대하는 직원들 모두 좋아요,2020. 10. 15
438,라마다 서울 강남,5,찌는듯한 더위나 폭우 속에서도 도어맨 선생님들은 항상 친절하게 고객을 지원합니다.,찌는듯한 더위나 폭우 속에서도 도어맨 선생님들은 항상 친절하게 고객을 지원합니다,2020. 09. 05
439,라마다 서울 강남,5,"라마다 전체적으로 리모델링을 하면 좋겠습니다.
기타 서비스들은 만족스러웠습니다",라마다 전체적으로 리모델링을 하면 좋겠습니다 기타 서비스들은 만족스러웠습니다,2020. 09. 01
440,라마다 서울 강남,5,"가격대비 최고에요,,,, 재방문 의사 백프로ㅠㅠㅠㅠ!!!!!!!", 구성비  최고예요 재방문 의사 백 프로,2020. 08. 28
441,라마다 서울 강남,5,좋아요~친절하고 교통이 너무너무 좋아요~^^,좋아요 친절하고 교통이 너무너무 좋아요,2020. 08. 16
442,라마다 서울 강남,5,좋아요~친절하고 교통이 너무너무 좋아요~^^,좋아요 친절하고 교통이 너무너무 좋아요,2020. 08. 16
443,라마다 서울 강남,5,좋습니다. 항상 이용하는곳이예요,좋습니다 항상 이용하는 곳이에요,2020. 07. 14
444,라마다 서울 강남,5,직원분들도 친절하고 좋았어요 ㅎ,직원분들도 친절하고 좋았어요 ,2020. 07. 04
445,라마다 서울 강남,5,"서울출장때마다 항상 이용중입니다.
감사합니다^^",서울 출장 때마다 항상 이용 중입니다 감사합니다,2020. 06. 05
446,라마다 서울 강남,5,"좋은 위치, 깨끗한 숙소 모든것이 좋았습니다.",좋은 위치 깨끗한 숙소 모든 것이 좋았습니다,2020. 06. 02
447,라마다 서울 강남,5,가성비좋은 호텔. 항상 이용합니다. 그런데 프론트 여직원들이 대거 교체 됐는지 서비스 마인드가 너무 없어서 당황했네요. 경영난으로 알바를 고용한건지.. 몇년만에 어리둥절했네요., 구성비  좋은 호텔 항상 이용합니다 그런데 프런트 여직원들이 대거 교체됐는지 서비스 마인드가 너무 없어서 당황했네요 경영난으로 알바를 고용한 건지 몇 년 만에 어리둥절했네요,2020. 05. 18
448,라마다 서울 강남,5,좀 오래된 호텔이나 교통 가성비 짱!,좀 오래된 호텔이나 교통  구성비  짱,2020. 04. 27
449,라마다 서울 강남,5,"프런트에 계신 분들께서 너무 친절하게 응대해주셨습니다. 특히, 주말에 야간근무하시느라 힘드실텐데 여자 직원분께서 섬세하게 설명을 잘해주셨습니다.
재방문의사 100프로입니다!",프런트에 계신 분들께서 너무 친절하게 응대해주셨습니다 특히 주말에 야간근무하시느라 힘드실 텐데 여자 직원분께서 섬세하게 설명을 잘해주셨습니다 재방문의 사 프로입니다,2020. 04. 20
450,라마다 서울 강남,5,침대불편한거 빼고는 다좋았어요.,침대 불편한 거 빼고는 다 좋았어요,2020. 04. 12
451,라마다 서울 강남,5,좋습니다 피트니스는 문닫아서 아쉽습니다,좋습니다 피트니스는 문 닫아서 아쉽습니다,2020. 04. 11
452,라마다 서울 강남,5,가성비 굳! 좋은 서비스를 원하시면 메르디앙이나 파크가 좋겠지만 가격 대비라면... ㅎ, 구성비  굳 좋은 서비스를 원하시면 메르디앙이나 파크가 좋겠지만  구성비 라면 ,2020. 03. 31
453,라마다 서울 강남,5,"너무깨끗하고 편해요
너므ㅜ좋습니다",너무 깨끗하고 편해요 너무 좋습니다,2020. 03. 22
454,라마다 서울 강남,5,너무 좋은 기분으로 하루를 쉼,너무 좋은 기분으로 하루를 쉼,2020. 03. 13
455,라마다 서울 강남,5,충분한 휴식을 할 정도루 주변 환경 좋아요,충분한 휴식을 할 정도루 주변 환경 좋아요,2020. 03. 13
456,라마다 서울 강남,5,좀 방음이 안되는것 빼고는 괜찮아요,좀 방음이 안 되는 것 빼고는 괜찮아요,2020. 02. 22
457,라마다 서울 강남,5,"당일예약으로 새벽에 가게되었는데 정말 좋은 서비스와 정말 깨끗한 호텔에서 머물러서 좋았습니다 !
맞은편에는 편의점도있고 주위에 음식점도많고 역이랑도 가까워서 친구들이랑 호캉스할때 딱 좋을거같습니다",당일예약으로 새벽에 가게 되었는데 정말 좋은 서비스와 정말 깨끗한 호텔에서 머물러서 좋았습니다 맞은편에는 편의점도 있고 주위에 음식점도 많고 역이랑도 가까워서 친구들이랑 호캉스할때 딱 좋을 거 같습니다,2020. 02. 07
458,라마다 서울 강남,5,침대도 푹신푹신하고 물도 따뜻하고 선정릉역이랑 가까워서 매우 좋아여,침대도 푹신푹신하고 물도 따뜻하고 선정릉역이랑 가까워서 매우 좋아요,2020. 01. 02
459,라마다 서울 강남,5,편안하게 잘 쉬었어요.. 네임드 호텔에 비해 룸컨디션은 조금 아쉽..,편안하게 잘 쉬었어요 네임드 호텔에 비해 룸 컨디션은 조금 아쉽,2019. 12. 10
460,라마다 서울 강남,5,좋ㅇ습니다 가성비 좋구 교통이 편합니다.,좋습니다  구성비  좋고 교통이 편합니다,2019. 10. 24
461,라마다 서울 강남,5,친절한 직원들과 교통의 접근성이 편리힌 호텔이었음 시설은 약간 노후화 되었지만,친절한 직원들과 교통의 접근성이 편리한 호텔이었음 시설은 약간 노후화되었지만,2019. 09. 29
462,라마다 서울 강남,5,흡연룸으로 잘못 예약 했는데 친절히 금연룸으로 바꿔 주셨습니다 감사합니다,흡연 룸으로 잘못 예약했는데 친절히 금연 룸으로 바꿔 주셨습니다 감사합니다,2019. 08. 12
463,라마다 서울 강남,5,위치는좋은데 룸컨이 좋지못해서 아쉬웠어요,위치는 좋은데 룸컨이 좋지 못해서 아쉬웠어요,2019. 05. 13
464,라마다 서울 강남,5,지하철버스정류장이가까워서좋아요!,지하철 버스정류장이 가까워서 좋아요,2019. 03. 25
465,라마다 서울 강남,5,좋습니다.... 차없이 갔는데 자기 좋았습니다,좋습니다 차 없이 갔는데 자기 좋았습니다,2018. 10. 04
466,라마다 서울 강남,5,너어어어무 좋았어요 다른 호텔들과다르게 위압감이나 어렵고 무거운 느낌없이 잘사는 큰집간기분?  편안하고 좋았네요,너어어어무 좋았어요 다른 호텔들과 다르게 위압감이나 어렵고 무거운 느낌 없이 잘 사는 큰집 간 기분  편안하고 좋았네요,2018. 09. 05
467,라마다 서울 강남,5,체크아웃시간도 맘에들고 좋았습니다,체크아웃 시간도 맘에 들고 좋았습니다,2018. 06. 03
468,호텔 리베라 청담,5,진짜 편해요 그리고 호텔리어분들이 다 너무 친절해서 친구들하고 호캉스 종종 와요 주변에 강남 압구정로데오 신사 다 있어서 너무 좋아요,진짜 편해요 그리고 호텔리어 분들이 다 너무 친절해서 친구들하고 호캉스 종종 와요 주변에 강남 압구정 로데오 신사 다 있어서 너무 좋아요,2021. 07. 31
469,호텔 리베라 청담,5,"먼저 각종 식당과 수영장,사우나를 모두 갖추고 있어서 시설에 있어서 최고였습니다만 수영장과 사우나 이용이 안된다는 말을 따로 못봐서 이용을 하지 못한게 아쉬웠습니다..
무엇보다 가격도 저렴한 편이고, 직원분들이 정말 친절하시며 뷰가 한강이 조금 보여서 너무 좋았어요 ㅎㅎ
전반적으로 매우 만족스러웠습니다~",먼저 각종 식당과 수영장 사우나를 모두 갖추고 있어서 시설에 있어서 최고였습니다만 수영장과 사우나 이용이 안된다는 말을 따로 못 봐서 이용을 하지 못한 게 아쉬웠습니다 무엇보다 가격도 저렴한 편이고 직원분들이 정말 친절하시며 경치가 한강이 조금 보여서 너무 좋았어요 전반적으로 매우 만족스러웠습니다,2021. 07. 11
470,호텔 리베라 청담,5,위치도 좋고 교통 이용하기 편리한 위치,위치도 좋고 교통 이용하기 편리한 위치,2021. 05. 16
471,호텔 리베라 청담,5,직원분들도 친절하시고 시설도 아늑했습니다,직원분들도 친절하시고 시설도 아늑했습니다,2021. 04. 18
472,호텔 리베라 청담,5,편하게 잘 쉬다가기 좋고 교통도 좋았어요,편하게 잘 쉬다 가기 좋고 교통도 좋았어요,2021. 04. 12
473,호텔 리베라 청담,5,편하게 푹 자고 쉴 수 있었습니다!,편하게 푹 자고 쉴 수 있었습니다,2021. 02. 17
474,호텔 리베라 청담,5,어제 다른특급이용하곤 실망해서 리베라로옮겼는데 실공간도 적당하고 와이파이 잘되었고 실내방 온도에 맞게 따뜻했어요. 만족합니다.한가지 미흡하다 생각든것은 조금이라도 창이 열리면 환기가될텐데 아예 열리지않아요.천장에 환기된다는데..밖의공기가이니라서 아쉽네요.다른건 만족했답니다,어제 다른 특급 이용하곤 실망해서 리베라로 옮겼는데 쉴 공간도 적당하고 와이파이 잘 되었고 실내방 온도에 맞게 따뜻했어요 만족합니다 한 가지 미흡하다 생각 든 것은 조금이라도 창이 열리면 환기가 될 텐데 아예 열리지 않아요 천장에 환기된다는데 밖의 공기가 이니라서 아쉽네요 다른 건 만족했답니다,2021. 02. 10
475,호텔 리베라 청담,5,"전체적으로 나쁘지 않고 가격대비 괜찮은데
화장실 거울 유리문 열었더니 쓰레기가 그대로 있었네요..
그 부분들까지 신경 좀 써주셔야 할 것 같아요",전체적으로 나쁘지 않고  구성비  괜찮은데 화장실 거울 유리문 열었더니 쓰레기가 그대로 있었네요 그 부분들까지 신경 좀 써주셔야 할 것 같아요,2021. 02. 09
476,호텔 리베라 청담,5,어매니티가 생각보다 별로였어요 따로 각자 챙ㄱㅕ가세요,어메니티가 생각보다 별로였어요 따로 각자 챙기세요,2021. 02. 06
477,호텔 리베라 청담,5,시설은 오래됐지만 깔끔하고 좋았습니다,시설은 오래됐지만 깔끔하고 좋았습니다,2021. 01. 11
478,호텔 리베라 청담,5,청담역에서는 생각보다 거리가 있지만 나름 다닐만 했습니다. 객실은 3인으로 잡아서 트윈 침대 하나 싱글 하나로 되어있었는데 트윈은 몸집 크면 생각보다 둘이 자기 좁아요.,청담역에서는 생각보다 거리가 있지만 나름 다닐만했습니다 객실은 인으로 잡아서 트윈 침대 하나 싱글 하나로 되어있었는데 트윈은 몸집 크면 생각보다 둘이 자기 좁아요,2020. 12. 31
479,호텔 리베라 청담,5,생각보다 다른 호텔에 비해 가격대비 너무 좋았어요!!!,생각보다 다른 호텔에 비해  구성비  너무 좋았어요,2020. 12. 01
480,호텔 리베라 청담,5,항상 깨끗한 객실에 친절한 직원이 다시찾게끔 합니다,항상 깨끗한 객실에 친절한 직원이 다시 찾게끔 합니다,2020. 08. 17
481,호텔 리베라 청담,5,전체적으로 깔끔하고 위치도 좋았어요.,전체적으로 깔끔하고 위치도 좋았어요,2020. 07. 17
482,호텔 리베라 청담,5,오래된 호텔이지만 잘 정돈 되었고 직원분들도 친절했어요~,오래된 호텔이지만 잘 정돈되었고 직원분들도 친절했어요,2020. 05. 11
483,호텔 리베라 청담,5,좋았어요 또 이용할예정입니다,좋았어요 또 이용할 예정입니다,2020. 05. 03
484,호텔 리베라 청담,5,조금 오래된 느낌이지만 괜찮아요,조금 오래된 느낌이지만 괜찮아요,2020. 04. 08
485,호텔 리베라 청담,5,직원분들 친절하고 좋았습니다,직원분들 친절하고 좋았습니다,2019. 10. 29
486,호텔 리베라 청담,5,직원분들 친절하고 좋았습니다,직원분들 친절하고 좋았습니다,2019. 10. 29
487,호텔 리베라 청담,5,좋아요 여직원이 개 불친절 첨이네요 다른직원은 참 굿인데,좋아요 여직원이 개 불친절 첨이네요 다른 직원은 참 굿인데,2019. 10. 27
488,호텔 리베라 청담,5,오래된 호텔이지만 깨끗하고 친절한 점이 너무 좋았어요,오래된 호텔이지만 깨끗하고 친절한 점이 너무 좋았어요,2019. 08. 20
489,호텔 리베라 청담,5,아주 깔끔해요~~뷰가 좀 아쉽네요,아주 깔끔해요 경치가 좀 아쉽네요,2019. 08. 10
490,호텔 리베라 청담,5,너무편안하고 경치도좋고 좋아요,너무 편안하고 경치도 좋고 좋아요,2019. 04. 20
491,호텔 리베라 청담,5,"역시 리베라는 좋으네요
좋은가격에 잘 보냈습니다 감사해요",역시 리베라는 좋네요 좋은 가격에 잘 보냈습니다 감사해요,2019. 01. 05
492,호텔 리베라 청담,5,시설이 좀 낡았지만 전반적으로 넘 만족합니다 ㅎㅎ 호텔느낌이나지만 부담스럽지않고.,시설이 좀 낡았지만 전반적으로 너무 만족합니다  호텔 느낌이 나지만 부담스럽지 않고,2019. 01. 01
493,호텔 리베라 청담,5,"시설 너무 노후되었어요.
화장실 샤워기 헤드에도 물때같은거 있구",시설 너무 노후되었어요 화장실 샤워기 헤드에도 물때 같은 거 있고,2018. 11. 11
494,호텔 리베라 청담,5,"좋아요 모든 시설 침구 편안해요
굿 친절하시구요 직원분들요",좋아요 모든 시설 침구 편안해요 굿 친절하시고요 직원분들요,2018. 09. 24
495,호텔 리베라 청담,5,"티비가 오래되어 mkv 파일 유에스비 인식이 안되네요

그거외에는 좋앗습니다",티브이가 오래되어  파일 유에스비 인식이 안 되네요 그거 외에는 좋았습니다,2018. 07. 25
496,호텔 리베라 청담,5,편한하고 생각보다 모든면에서 좋았습니다.,편안하고 생각보다 모든 면에서 좋았습니다,2018. 02. 08
497,카푸치노 호텔,5,잘 쉬다갑니다~ 11층 배정받았는데 좋았어요 다만 아쉬운건 앞에 건물들이막혀있어 풍경은 즐기지못했지만 고층 이라서 괜찮았어요.,잘 쉬다 갑니다 층 배정받았는데 좋았어요 다만 아쉬운 건 앞에 건물들이 막혀있어 풍경은 즐기지 못했지만 고층이라서 괜찮았어요,2021. 08. 02
498,카푸치노 호텔,5,주변이 부족하지만 뷰도 좋고 쵝오입니다,주변이 부족하지만 경치도 좋고 최고입니다,2021. 07. 09
499,카푸치노 호텔,5,너무 좋았고 다음에 또 갈 거 같아요,너무 좋았고 다음에 또 갈 거 같아요,2020. 10. 02
500,카푸치노 호텔,5,"히힛 2주째 나만리뷰쓰넹 ㅋㅋ
한달넘게 매주방문중 아주좋아요",히힛 주재 나만 리경치 쓰네 한 달 넘게 매주 방문 중 아주 좋아요,2020. 03. 21
501,카푸치노 호텔,5,카푸치노호텔 아늑하고 참좋아요,카푸치노 호텔 아늑하고 참 좋아요,2020. 02. 24
502,카푸치노 호텔,5,좁은 것 같았지만 침대도 너무 좋고 분위기도 너무 이뻐서 완전 만족했어요!!!,좁은 것 같았지만 침대도 너무 좋고 분위기도 너무 이뻐서 완전히 만족했어요,2020. 01. 08
503,카푸치노 호텔,5,생각보다 작았지만 깔끔하고 침대가 편해서 좋았습니다~,생각보다 작았지만 깔끔하고 침대가 편해서 좋았습니다,2019. 12. 31
504,카푸치노 호텔,5,"https://m.blog.naver.com/stillr/221739156605

저는 두번째 방문이였어요 이번에도 깨끗하고 조식도 잘먹고 쉬고왔답니다  겨울이다보니 온풍기를 틀면 좀 건조하니 수건 적셔서 거세용

이왕이면 세면용품 챙겨가세용 칫솔 치약정도더보기",저는 두 번째 방문이었어요 이번에도 깨끗하고 조식도 잘 먹고 쉬고 왔답니다  겨울이다 보니 온풍기를 틀면 좀 건조하니 수건 적셔서 거세 용이 왕이면 세면용품 챙겨가세요 칫솔 치약 정도 ,2019. 12. 16
505,카푸치노 호텔,5,방은 좀 좁지만 침대가 진짜 너무 푹신해서 방 좁고말고 다 잊어버릴정도예요～,방은 좀 좁지만 침대가 진짜 너무 푹신해서 방 좁고말고 다 잊어버릴 정도예요,2019. 10. 25
506,카푸치노 호텔,5,방이 조금 좁지만 침대가 커서 괜찮았다,방이 조금 좁지만 침대가 커서 괜찮았다,2019. 08. 24
507,카푸치노 호텔,5,"대체적으로 만족,루프탑 바 유료주차 12000원을 제",대체적으로 만족 루프탑 바 유료주차 원을 제,2019. 08. 16
508,카푸치노 호텔,5,깔끔하고 친절하고 너무 좋았어요,깔끔하고 친절하고 너무 좋았어요,2019. 08. 08
509,카푸치노 호텔,5,넘 깨끗하고 침대가 짱이었음. 조식은 아침에.먹긴 괜찮았어요,너무 깨끗하고 침대가 장이었음 조식은 아침에 먹긴 괜찮았어요,2019. 08. 06
510,카푸치노 호텔,5,청결하고 침대가 푹신하고 좋네요!  다음에도가겠습니다,청결하고 침대가 푹신하고 좋네요  다음에도 가겠습니다,2019. 07. 23
511,카푸치노 호텔,5,진짜 침대가 너무 편해요!! 분위기도 있고 근데 좁긴 좁은편입니다! 꼭 가보세요 루프탑은 따로 예약햐야지 들어갈수있다고하네요,진짜 침대가 너무 편해요 분위기도 있고 근데 좁긴 좁은 편입니다 꼭 가보세요 루프탑은 따로 예약해야지 들어갈 수 있다고 하네요,2019. 07. 14
512,카푸치노 호텔,5,위치도 좋고 뭔가 아늑하고 좋아요,위치도 좋고 뭔가 아늑하고 좋아요,2019. 07. 11
513,카푸치노 호텔,5,침대가 정말 좋았어요! 넓고 푹신푹신하고ㅎㅎ잠이 솔솔 오네요~그리고 통유리라서 하늘도 볼 수 있었고 정말 최고였습니다! 아쉬운점은 배달음식이 반입이 안된다는게 조금 아쉬웠지만 그모든걸 커버하고 남을정도로 좋았어요ㅎㅎ 다음번에도 재방문의사 있습니다!,침대가 정말 좋았어요 넓고 푹신푹신하고 잠이 솔솔 오네요 그리고 통유리라서 하늘도 볼 수 있었고 정말 최고였습니다 아쉬운 점은 배달음식이 반입이 안된다는 게 조금 아쉬웠지만 그 모든 걸 커버하고 남을 정도로 좋았어요 다음번에도 재방문의 사 있습니다,2019. 07. 07
514,카푸치노 호텔,5,"친환경세제 루프탑억 효율적공간
침대가좋았습니다",친환경 세제 루프탑억 효율적 공간 침대가 좋았습니다,2019. 06. 23
515,카푸치노 호텔,5,"한번 가보고 싶던 곳인데 방문하게되었어요. :)
컨셉에 맞게 잘되어있었어요.
특히 위치는 정말 좋았습니다!!",한번 가보고 싶던 곳인데 방문하게 되었어요 콘셉트에 맞게 잘 되어있었어요 특히 위치는 정말 좋았습니다,2019. 05. 18
516,카푸치노 호텔,5,"숙소가 진짜 너무 이뻐용....
첨에 출입구부터 헤맸는데 자동문 띠링 ㅋㅋ
체크인하고 스튜디오킹? 룸 이었는데
아 통유리에 침대라니.. ㅜㅜㅜ
뷰는 비록 공사장 도로 뷰였지만
너무너무 이뻤던.. 소품 하나하나도 소소하고
아기자기하게 귀엽던 숙소였어요
재방문의사 200프로 입니다!!더보기",숙소가 진짜 너무 이뻐요 첨에 출입구부터 헤맸는데 자동문 띠링 체크인하고 스튜디오 킹 룸이었는데 아 통유리에 침대라니 경치는 비록 공사장 도로 경치였지만 너무너무 이뻤던 소품 하나하나도 소소하고 아기자기하게 귀엽던 숙소였어요 재방문의 사 프로입니다 ,2019. 04. 09
517,카푸치노 호텔,5,엄청 아늑하고 좋아요 조금 좁기는 함,엄청 아늑하고 좋아요 조금 좁기는 함,2019. 03. 26
518,카푸치노 호텔,5,"방이 작긴하지만 도시뷰도 괜찮고 침대도 킹사이즈보다 되게 크고 푹신푹신 좋았어요
겨울이었지만 방이 더울만큼 따뜻하네요
담에 또 갈거같아요",방이 작긴 하지만 도시 경치도 괜찮고 침대도 킹사이즈보다 되게 크고 푹신푹신 좋았어요 겨울이었지만 방이 더울 만큼 따뜻하네 요담에 또 갈 거 같아요,2019. 03. 15
519,카푸치노 호텔,5,"두번째 방문인데 역시 너무 좋습니다.
창이커서 밤에 조금 추운건 어쩔수 없네요ㅠ",두 번째 방문인데 역시 너무 좋습니다 창이 커서 밤에 조금 추운 건 어쩔 수 없네요,2019. 02. 13
520,카푸치노 호텔,5,"위치가 좋아서 강남쪽이 가까워서 좋았고
호실도 넓고 쾌적해서 좋았어요",위치가 좋아서 강남 쪽이 가까워서 좋았고 호실도 넓고 쾌적해서 좋았어요,2019. 01. 29
521,카푸치노 호텔,5,여긴 저희가 자주가는데 뷰도좋고 침대도 넓고 너무 편해요,여긴 저희가 자주 가는데 경치도 좋고 침대도 넓고 너무 편해요,2019. 01. 21
522,카푸치노 호텔,5,"조식포함 패키지였는데 빵,우유만있는 다른곳에 비해서 퀄리티도
괜찮았고 맛있었어요! 직원분들도 친절하고 딱 잠만 잘 수있는
방사이즈였지만 숙박하는데는 전혀 불편함없었어요 만족합니다",조식 포함 패키지였는데 빵 우유만 있는 다른 곳에 비해서 퀄리티도 괜찮았고 맛있었어요 직원분들도 친절하고 딱 잠만 잘 수 있는 방 사이즈였지만 숙박하는 데는 전혀 불편함 없었어요 만족합니다,2018. 07. 23
523,카푸치노 호텔,5,"프론트 직원분이 신경써주셔서 높은 층수에서 묵을 수 있었습니다. 숙소에서 보이는 경치가 밤, 아침 모두 좋았구요. 루프탑바 역시 친절하고 칵테일이 아주 좋았습니다. 물건 역시 친절하게 맡겨주셨고 내부 역시 깨끗하고 좋았습니다. 룸서비스 음식 서비스가 유명하다고 들었는데 당시 땡기는 메뉴가 없어 먹지 못한 게 아쉽네요~",프런트 직원분이 신경 써주셔서 높은 층수에서 묵을 수 있었습니다 숙소에서 보이는 경치가 밤 아침 모두 좋았고요 루프탑바 역시 친절하고 칵테일이 아주 좋았습니다 물건 역시 친절하게 맡겨주셨고 내부 역시 깨끗하고 좋았습니다 룸서비스 음식 서비스가 유명하다고 들었는데 당시 당기는 메뉴가 없어 먹지 못한 게 아쉽네요,2018. 04. 19
524,베스트웨스턴 프리미어 강남,5,"강남역, 신논현역 인근에서 가성비가 제일 좋아요~!!",강남역 신논현역 인근에서  구성비 가 제일 좋아요,2021. 08. 03
525,베스트웨스턴 프리미어 강남,5,"강남지역에서 가성비 좋은 호텔 같아요~ 

주차장과 연결만 바로 되어 있다면 더 좋았을듯~",강남지역에서  구성비  좋은 호텔 같아요 주차장과 연결만 바로 되어 있다면 더 좋았을 듯,2021. 07. 31
526,베스트웨스턴 프리미어 강남,5,"볼일 있어서 갈때마다 늘 비는 시간에 이용합니다. 
깔끔하고 좋아요",볼일 있어서 갈 때마다 늘 비는 시간에 이용합니다 깔끔하고 좋아요,2021. 07. 14
527,베스트웨스턴 프리미어 강남,5,넓고 좋았어여 주차는 조금 번거롭지만,넓고 좋았어요 주차는 조금 번거롭지만,2021. 03. 31
528,베스트웨스턴 프리미어 강남,5,늘 깔끔하고 좋은 시설에서 묵고 가는것 같습니다!,늘 깔끔하고 좋은 시설에서 묵고 가는 것 같습니다,2021. 03. 31
529,베스트웨스턴 프리미어 강남,5,진짜 편하게 머물다 갔습니다 ㅎㅎ,진짜 편하게 머물다 갔습니다 ,2021. 02. 13
530,베스트웨스턴 프리미어 강남,5,가격대비 매우 만족합니다. 위치도 좋고 무엇보다 주차가 편하고 좋습니다, 구성비  매우 만족합니다 위치도 좋고 무엇보다 주차가 편하고 좋습니다,2021. 02. 13
531,베스트웨스턴 프리미어 강남,5,"잘있다갑니다
조명커버 잘붙여주세요",잘 있다 갑니다 조명 커버 잘 붙여주세요,2021. 01. 02
532,베스트웨스턴 프리미어 강남,5,"코로나로 어디 놀러갈수도 없으니 호캉스나 하자 생각하고 잡았던 숙소였어요. 그런데 뷰가 정말 좋고 밤에 야경도 정말 예쁘다고 생각했는데 다음날 일어나니 첫눈도 내리고 있었네요.
기분 좋은 추억거리가 생겼어요☺👍👍",코로나로 어디 놀러 갈 수도 없으니 호킹 스나 하자 생각하고 잡았던 숙소였어요 그런데 경치가 정말 좋고 밤에 야경도 정말 예쁘다고 생각했는데 다음날 일어나니 첫눈도 내리고 있었네요 기분 좋은 추억거리가 생겼어요,2020. 12. 25
533,베스트웨스턴 프리미어 강남,5,신논현역이랑 가깝고 좋았어요~,신논현역이랑 가깝고 좋았어요,2020. 12. 17
534,베스트웨스턴 프리미어 강남,5,좋아요 콘센트가 침대 주변에 없는 게 아쉽...,좋아요 콘센트가 침대 주변에 없는 게 아쉽,2020. 11. 01
535,베스트웨스턴 프리미어 강남,5,위치 너무 좋고 저렴해서 좋았어요,위치 너무 좋고 저렴해서 좋았어요,2020. 10. 27
536,베스트웨스턴 프리미어 강남,5,5일 투숙한 경험으로 깔끔하고 관리 잘해줍니다,일 투숙한 경험으로 깔끔하고 관리 잘해줍니다,2020. 09. 26
537,베스트웨스턴 프리미어 강남,5,오랜만에 갓는데 좋더라구요 ㅎㅎ,오랜만에 갔는데 좋더라고요,2020. 09. 11
538,베스트웨스턴 프리미어 강남,5,역에서는 멀었지만 좋았습니다,역에서는 멀었지만 좋았습니다,2020. 07. 03
539,베스트웨스턴 프리미어 강남,5,"매니저님이 엄청 친절했음,다음에도 놀러오면 여기 선택할거같다",매니저님이 엄청 친절했음 다음에도 놀러 오면 여기 선택할 거 같다,2020. 06. 11
540,베스트웨스턴 프리미어 강남,5,"두번째 방문인데 뷰도 정말 좋고 시설도 만족합니다
위치도 굿",두 번째 방문인데 경치도 정말 좋고 시설도 만족합니다 위치도 굿,2020. 03. 31
541,베스트웨스턴 프리미어 강남,5,진짜 제가 잔 호텔중에 젤 좋았어요 ~,진짜 제가 잔 호텔 중에 젤 좋았어요 ,2020. 02. 11
542,베스트웨스턴 프리미어 강남,5,깨끗하고 좋습니다. 신논현역에선 좀 거리가 있는데 자치이거나 언주역에선 가까워요,깨끗하고 좋습니다 신논현역에선 좀 거리가 있는데 자치이거나 언 주역에선 가까워요,2020. 01. 26
543,베스트웨스턴 프리미어 강남,5,매우 만족입니다! 조식도 넘 맛있네요,매우 만족입니다 조식도 너무 맛있네요,2019. 12. 28
544,베스트웨스턴 프리미어 강남,5,지인부부에게 더블룸 예약해드렸는데 크기도 딱좋고 만족하셨다고 하네요. 그런데 특급호텔 맞는건지 궁금합니다..,지인 부부에게 더블룸 예약해드렸는데 크기도 딱 좋고 만족하셨다고 하네요 그런데 특급호텔 맞는 건지 궁금합니다,2017. 10. 18
545,나비 호텔레지던스,5,조용하고 깔끔한 방. 좋은 기억으로 남고 갑니다,조용하고 깔끔한 방 좋은 기억으로 남고 갑니다,2020. 12. 20
546,나비 호텔레지던스,5,음식도 해먹을 수 있고 바닥도 따뜻한 게 참 좋았어요. 일찍 체크인 어레인지 해주시고 친절하심요. 주차는 기계식 셀프주차,음식도 해먹을 수 있고 바닥도 따뜻한 게 참 좋았어요 일찍 체크인 어레인지 해주시고 친절하심요 주차는 기계식 셀프 주차,2020. 11. 23
547,나비 호텔레지던스,5,항상애용해료 단지 티비가불편해요,항상 애용해요 단지 티브이가 불편해요,2020. 02. 19
548,나비 호텔레지던스,5,매번 가는곳이라서 편안하게 묵었다 갑니당!,매번 가는 곳이라서 편안하게 묵었다 갑니다,2018. 05. 30
549,나비 호텔레지던스,5,"깔끔하고 원룸같이 생겼어요.
사진이랑 똑같아요.
붙박이장 안에 수납공간도 많고.
간단한 취사 가능해요.

위치가 최고로 좋구요.
방음은 아주 살짝 아쉬워요.더보기",깔끔하고 원룸같이 생겼어요 사진이랑 똑같아요 붙박이장 안에 수납공간도 많고 간단한 취사 가능해요 위치가 최고로 좋고요 방음은 아주 살짝 아쉬워요 ,2018. 03. 12
550,나비 호텔레지던스,5,싱글룸 항상 너무좋습니당! 더블보다 혼자있기엔 더편한듯~,싱글룸 항상 너무 좋습니다 더블보다 혼자 있기엔 더 편한 듯,2018. 03. 03
551,나비 호텔레지던스,5,"원룸 같은 느낌이라, 편하게 쉬었어요.",원룸 같은 느낌이라 편하게 쉬었어요,2017. 10. 23
552,호텔 엔트라 강남,5,생각보다 넓고 침구류도 푹신하고 좋은시간보냈어요!,생각보다 넓고 침구류도 푹신하고 좋은 시간 보냈어요,2021. 08. 24
553,호텔 엔트라 강남,5,위치도 좋고 숙소 뷰도 좋았습니다,위치도 좋고 숙소 경치도 좋았습니다,2021. 05. 28
554,호텔 엔트라 강남,5,청결하고 친절하고 방이 조금 좋지만 뷰도 너무 좋고 만족스러운 하루를 보내고 갑니다,청결하고 친절하고 방이 조금 좋지만 경치도 너무 좋고 만족스러운 하루를 보내고 갑니다,2021. 02. 10
555,호텔 엔트라 강남,5,"압구정로데오랑 가까워서 주차하고 걸어서 다녀오기 
정말 좋아요👍🏻
객실도 너무 깨끗하고 응대도 너무 잘해주세요!",압구정 로데오랑 가까워서 주차하고 걸어서 다녀오기 정말 좋아요 객실도 너무 깨끗하고 응대도 너무 잘해주세요,2021. 01. 28
556,호텔 엔트라 강남,5,뷰도 좋고 객실상태도 아쁘지 않음,경치도 좋고 객실 상태도 나쁘지 않음,2021. 01. 07
557,호텔 엔트라 강남,5,매번 느끼는 거지만 깨끗하고 좋습니다,매번 느끼는 거지만 깨끗하고 좋습니다,2020. 12. 30
558,호텔 엔트라 강남,5,"여긴 가격 대비 가성비 매우 좋은 곳이라 생각합니다
우선 깨끗한건 당연해야 하는데 그렇지 못한 곳 많죠.. 앤트라 깨끗해요
아쉬운건 주변 고층 건물들이 많아서 뷰가 좋아도 닫게 된다는거",여긴  구성비   구성비  매우 좋은 곳이라 생각합니다 우선 깨끗한 건 당연해야 하는데 그렇지 못한 곳 많죠 앤트라 깨끗해요 아쉬운 건 주변 고층 건물들이 많아서 경치가 좋아도 닫게 된다는 거,2020. 10. 29
559,호텔 엔트라 강남,5,깔끔하고 좋았어요.근데 tv끊기는현상이 많았어요,깔끔하고 좋았어요 근데 끊기는 현상이 많았어요,2020. 10. 18
560,호텔 엔트라 강남,5,진짜 힐링 제대로 하고 가요 분위기도 좋고 너무 깔끔하고 좋아요,진짜 힐링 제대로 하고 가요 분위기도 좋고 너무 깔끔하고 좋아요,2020. 09. 06
561,호텔 엔트라 강남,5,첨으로 룸서비스안돼서 좀불편했던거빼곤 다조아요,첨으로 룸서비스 안돼서 좀 불편했던 거 빼곤 다 좋아요,2020. 08. 17
562,호텔 엔트라 강남,5,밤에 도로변 소음만빼면 완벽해요,밤에 도로변 소음만 빼면 완벽해요,2020. 07. 20
563,호텔 엔트라 강남,5,출장시 이용했습니다 앞으로 자주이용할것같네요,출장 시 이용했습니다 앞으로 자주 이용할 것 같네요,2020. 06. 30
564,호텔 엔트라 강남,5,경치부터 너무 좋구여 시설 기본적으로 좋고 매우 그냥 즇음,경치부터 너무 좋고요 시설 기본적으로 좋고 매우 그냥 즇음,2020. 06. 09
565,호텔 엔트라 강남,5,뷰도 너무 좋고 숙소도 깔끔해서 좋았습니다,경치도 너무 좋고 숙소도 깔끔해서 좋았습니다,2020. 06. 07
566,호텔 엔트라 강남,5,룸서비스 주문해서 먹었는데 맛있어요. 객실 너무 이쁘고 화장실 왕 넓어요. 최고의 경험을 하고 갑니다.,룸서비스 주문해서 먹었는데 맛있어요 객실 너무 이쁘고 화장실 왕 넓어요 최고의 경험을 하고 갑니다,2020. 05. 07
567,호텔 엔트라 강남,5,객실도 깨끗하고 욕실도 청결하고 너무 좋았습니다~,객실도 깨끗하고 욕실도 청결하고 너무 좋았습니다,2020. 05. 02
568,호텔 엔트라 강남,5,뷰는 좋으나 그 외 서비스는 그닥...조식 맛있음,경치는 좋으나 그 외 서비스는 그다지 조식 맛있음,2020. 04. 15
569,호텔 엔트라 강남,5,위치도 좋고 무엇보다 내부의 깔끔함과 뷰가 완벽,위치도 좋고 무엇보다 내부의 깔끔함과 경치가 완벽,2020. 03. 21
570,호텔 엔트라 강남,5,전제적으로 다 좋았습니다 만족😆😆 즐거운 호캉스 즐기다 가요~🥰,전제적으로 다 좋았습니다 만족 즐거운 호캉스 즐기다 가요,2020. 02. 02
571,호텔 엔트라 강남,5,연말에 이용했는데 좋았습니다!,연말에 이용했는데 좋았습니다,2020. 01. 05
572,호텔 엔트라 강남,5,직원고용시 객실정보에대한 교육이 더 필요해 보입니다.,직원 고용 시 객실 정보에 대한 교육이 더 필요해 보입니다,2019. 12. 26
573,호텔 엔트라 강남,5,통유리 창으로 보이는 뷰도 아주 좋았고 객실도 마음에 들었으며 짐보관까지 해주셔서 좋았습니대^^,통유리 창으로 보이는 경치도 아주 좋았고 객실도 마음에 들었으며 짐 보관까지 해주셔서 좋았습니다,2019. 09. 08
574,호텔 엔트라 강남,5,"시티뷰가 너무좋아요 
침대가 너무 좋아요
욕조에 티비가있어서 좋아요
배달이  문앞까지 주문이 안돼서 아쉬워요",시티 부가 너무 좋아요 침대가 너무 좋아요 욕조에 티브이가 있어서 좋아요 배달이  문 앞까지 주문이 안돼서 아쉬워요,2019. 09. 01
575,호텔 엔트라 강남,5,정말 시설도 깔끔하고 통창이라 밤에는 시티뷰가  예술이네요 ㅎㅎㅎ재방문의사 100프롭니다!!,정말 시설도 깔끔하고 통창이라 밤에는 시티 부가  예술이네요 재방문의 사 프로니다,2019. 08. 17
576,호텔 엔트라 강남,5,밤에 계신 직원 중 한 분은 정말 불친절 하네요 ^^ 표정부터가 불친절합니다. 그 점 빼면 다 좋았어요,밤에 계신 직원 중 한 분은 정말 불친절하네요  표정부터가 불친절합니다 그 점 빼면 다 좋았어요,2019. 08. 10
577,호텔 엔트라 강남,5,기대이상으로 좋았습니다  성수기에 이만한 가격에 이정도 호텔 흔치 않은데 잘 고른 것 같아요 조식도 맛있고 너무잘 쉬었다 갑니다ㅎㅎ,기대 이상으로 좋았습니다  성수기에 이만한 가격에 이 정도 호텔 흔치 않은데 잘 고른 것 같아요 조식도 맛있고 너무 잘 쉬었다 갑니다,2019. 08. 07
578,호텔 엔트라 강남,5,그냥 너무너무 좋았어요 말로 표현을 할 수가 없어요 꼭 가세요 룸서비스도 최고,그냥 너무너무 좋았어요 말로 표현을 할 수가 없어요 꼭 가세요 룸서비스도 최고,2019. 04. 27
579,호텔 엔트라 강남,5,깨끗하고  편하게 쉬다 갑니다~,깨끗하고  편하게 쉬다 갑니다,2019. 03. 22
580,호텔 엔트라 강남,5,"아기랑 같이 다녀왔는데 서울 구경다니기에 위치며 접근성 모두  좋았어요~ 로비 직원분들도 친절하시고, 불편한것없이 쉬다왔네요~ 아. 룸서비스를 이용하려고하니 메뉴개발 중이여서 그거 빼곤 최고였어요~ 또 서울에 가게될 일이 있다면 재방문의사 100프로입니다^^",아기랑 같이 다녀왔는데 서울 구경 다니기에 위치며 접근성 모두  좋았어요 로비 직원분들도 친절하시고 불편한 것 없이 쉬다 왔네요 아 룸서비스를 이용하려고 하니 메뉴 개발 중이어서 그거 빼곤 최고였어요 또 서울에 가게 될 일이 있다면 재방문의 사 프로입니다,2019. 02. 19
581,호텔 엔트라 강남,5,사진보다 실제가훨씬좋네요 앱에서 보여지는 사진을다시촬영하는게 좋겠어요,사진보다 실제가 훨씬 좋네요 앱에서 보이는 사진을 다시 촬영하는 게 좋겠어요,2019. 02. 06
582,호텔 엔트라 강남,5,호텔은 깔끔하고 좋았지만 앞에 공사장 뷰가 너무 별루였어요. 먼지도 많구...  2ㅂ,호텔은 깔끔하고 좋았지만 앞에 공사장 경치가 너무 별로였어요 먼지도 많고  ,2019. 01. 06
583,호텔 엔트라 강남,5,호텔답게 시설도 좋고 친절하셨습니다 편의점도 가깝고 좋아용,호텔답게 시설도 좋고 친절하셨습니다 편의점도 가깝고 좋아요,2018. 11. 25
584,호텔 엔트라 강남,5,"너무 깨끗하구 럭셔리한 느낌이 좋았습니다
젊은 사람들이 좋아할거에요 ㅎ",너무 깨끗하고 럭셔리한 느낌이 좋았습니다 젊은 사람들이 좋아할 거예요,2018. 08. 15
585,호텔 엔트라 강남,5,"약 30% 정도의 리버뷰가 들어오는 객실
전망 및 고층 시티뷰는 만족스러울정도
트인 전망을 원한다면 강추",약  정도의 리버경치가 들어오는 객실 전망 및 고층 시티 부는 만족스러울 정도 트인 전망을 원한다면 강추,2018. 08. 05
586,호텔 크레센도 서울,5,"조금 좁기는 한데 깔끔하고 있을것도 다 있고 좋아요!
특히 침구가 너무 폭신해서 꿀잠을 잤네요 위치도 좋아요",조금 좁기는 한데 깔끔하고 있을 것도 다 있고 좋아요 특히 침구가 너무 폭신해서 꿀잠을 잤네요 위치도 좋아요,2021. 08. 24
587,호텔 크레센도 서울,5,"접근성 진짜 너무 좋고 객실상태도 굉장히 좋았습니다.
다음에 또 이용할게요",접근성 진짜 너무 좋고 객실 상태도 굉장히 좋았습니다 다음에 또 이용할게요,2021. 06. 25
588,호텔 크레센도 서울,5,언니 결혼식 전날 하루 보냈는데 직원분들 친철하고 방도 깨끗하다고 하네요. 1층 레스토랑 음식도 맛있어요~,언니 결혼식 전날 하루 보냈는데 직원분들 친절하고 방도 깨끗하다고 하네요 층 레스토랑 음식도 맛있어요,2021. 06. 03
589,호텔 크레센도 서울,5,어쩌다보니 두번째 방문인데 옆건물 공사로 인해 테라스 쪽에 먼지가 많았어요 ㅜ 그 외엔 다 좋았습니다,어쩌다 보니 두 번째 방문인데 옆 건물 공사로 인해 테라스 쪽에 먼지가 많았어요  그 외엔 다 좋았습니다,2021. 05. 02
590,호텔 크레센도 서울,5,또 올거에요 단골 할거에요. 서울가면 계속 거기 갈예정이에요,또 올 거예요 단골 할 거예요 서울 가면 계속 거기 갈 예정이에요,2021. 04. 04
591,호텔 크레센도 서울,5,편하게 잘 쉬다 갑니다! 방이 살짝 어둡긴했어도 깔끔했고 얼리 체크인도 해주셔서 매우 만족!! 다음에 또 방문하겠습니다!,편하게 잘 쉬다 갑니다 방이 살짝 어둡긴 했어도 깔끔했고 얼리 체크인도 해주셔서 매우 만족 다음에 또 방문하겠습니다,2021. 03. 19
592,호텔 크레센도 서울,5,"공간은 작지만 샤워가운, 침대, 커튼 재질대박입니다.",공간은 작지만 샤워가운 침대 커튼 재질 대박입니다,2021. 02. 12
593,호텔 크레센도 서울,5,전에 깨끗해서 또 오고싶어서 왔는데 역시나 깨끗하구 좋네요ㅎㅎ 이불도 두껍고 침대 푹신해서 잘 쉬다갑니다~,전에 깨끗해서 또 오고 싶어서 왔는데 역시나 깨끗하고 좋네요 이불도 두껍고 침대 푹신해서 잘 쉬다 갑니다,2021. 01. 07
594,호텔 크레센도 서울,5,침실도 너무 좋고 화장실도 너무 깨끗하고 여러모로 디자인부터 편안함까지 만족스러웠어요! 유럽에 온 것 같았습니다 또 오고싶어요 친구랑 재미있는 크리스마스 보냈습니다,침실도 너무 좋고 화장실도 너무 깨끗하고 여러모로 디자인부터 편안함까지 만족스러웠어요 유럽에 온 것 같았습니다 또 오고 싶어요 친구랑 재미있는 크리스마스 보냈습니다,2021. 01. 05
595,호텔 크레센도 서울,5,일단 방이 좁다는 후기가 많아서 걱정했는데 서울 한복판에 이정도 가격이면 훌륭합니다..! 호텔 인테리어도 엔틱하면서 깔끔하고 예뻤습니다. 다시 방문하고 싶어요 ㅎㅎ,일단 방이 좁다는 후기가 많아서 걱정했는데 서울 한복판에 이 정도 가격이면 훌륭합니다 호텔 인테리어도 앤티크하면서 깔끔하고 예뻤습니다 다시 방문하고 싶어요 ,2021. 01. 04
596,호텔 크레센도 서울,5,직원이 불친절해서 좋은기분에 영 그랬슴다,직원이 불친절해서 좋은 기분에 영 그랬습니다,2020. 11. 30
597,호텔 크레센도 서울,5,"옆에 엽떡이랑 맥날있음.
좀 좁지만 깔끔",옆에 엽떡이랑 맨날 있음 좀 좁지만 깔끔,2020. 11. 13
598,호텔 크레센도 서울,5,좁긴 하지만 매우 깨끗하고 시설 좋아요,좁긴 하지만 매우 깨끗하고 시설 좋아요,2020. 11. 09
599,호텔 크레센도 서울,5,깨끗하고 예쁜 객실 샤워가운 보들보들,깨끗하고 예쁜 객실 샤워가운 보들보들,2020. 11. 01
600,호텔 크레센도 서울,5,다 좋은데 방음 안 좋아요. 문 여닫는 소리 너무 크게 들려요.,다 좋은데 방음 안 좋아요 문 여닫는 소리 너무 크게 들려요,2020. 10. 18
601,호텔 크레센도 서울,5,"선릉역 산책하기 좋고
주변에 다니기 좋아요.
방이 좀 작은게 옥의 티!
당연 욕실도 작아요.
가성비로는 괜찮아요..더보기",선릉역 산책하기 좋고 주변에 다니기 좋아요 방이 좀 작은 게 옥의 티 당연 욕실도 작아요 구성비 로는 괜찮아요 ,2020. 10. 10
602,호텔 크레센도 서울,5,"친절했구요 위치도 선정릉역 바로 앞이기도 했고 버스정류장 바로 앞이여서 편했습니다!

비염이 심해서 공기청정기 요청드렸는데 준비해주셔서 너무 감사드려요!

이곳 샤워가운이 제가 제일 좋아하는 느낌이여서  계속 입고있었네요 ㅎㅎ 수건재질의 두툼하고 겉에는 비닐이라서 물이 스며들지않아 좋아요:)

테라스에서 저녁에 와인이랑 레스토랑 트러플감자튀김 투고해서 먹었는데 오프너랑 와인도 호텔에서 제공해주셔서 잘썼습니다

다시 방문 예정이에^^더보기",친절했고요 위치도 선정릉역 바로 앞이기도 했고 버스정류장 바로 앞이어서 편했습니다 비염이 심해서 공기청정기 요청드렸는데 준비해주셔서 너무 감사드려요 이곳 샤워가운이 제가 제일 좋아하는 느낌이어서  계속 입고 있었네요  수건 재질의 두툼하고 겉에는 비닐이라서 물이 스며들지 않아 좋아요 테라스에서 저녁에 와인이랑 레스토랑 트러플 감자튀김 투고해서 먹었는데 오프너랑 와인도 호텔에서 제공해주셔서 잘 썼습니다 다시 방문 예정이에 ,2020. 10. 06
603,호텔 크레센도 서울,5,천장에서 하수관?소리가 났어요,천장에서 하수관 소리가 났어요,2020. 09. 29
604,호텔 크레센도 서울,5,너무 친절하셔서 기분 좋게 머물렀습니다~ 호텔과 객실 모두 시설이 깔끔합니다. 재방문 의사 100%입니다~,너무 친절하셔서 기분 좋게 머물렀습니다 호텔과 객실 모두 시설이 깔끔합니다 재방문 의사입니다,2020. 09. 29
605,호텔 크레센도 서울,5,방음이 좀 안되는것 빼고는 괜찮았어요,방음이 좀 안 되는 것 빼고는 괜찮았어요,2020. 08. 19
606,호텔 크레센도 서울,5,늘 깔끔해요. 잘 있다 갑니다.,늘 깔끔해요 잘 있다 갑니다,2020. 08. 15
607,호텔 크레센도 서울,5,다음번에 재방문할 예정입니다,다음번에 재방문할 예정입니다,2020. 08. 03
608,호텔 크레센도 서울,5,"가격이 싸고 서비스는 굿굿
가성비좋아요
객실이 너무 작은것 빼고는 그냥 하루 쉬기 좋았어요",가격이 싸고 서비스는 굿 구소 구성비  좋아요 객실이 너무 작은 것 빼고는 그냥 하루 쉬기 좋았어요,2020. 08. 02
609,호텔 크레센도 서울,5,방이 조금 좁긴 하지만 강남에서 이렇게 깔끔하고 쾌적하게 가성비 좋은 숙소는 찾기 힘들거 같아요~ 직원분들도 친절하셨고 인테리어도 맘에 들었습니다!,방이 조금 좁긴 하지만 강남에서 이렇게 깔끔하고 쾌적하게  구성비  좋은 숙소는 찾기 힘들 거 같아요 직원분들도 친절하셨고 인테리어도 맘에 들었습니다,2020. 06. 23
610,호텔 크레센도 서울,5,"선정릉역이랑 가까워서 좋았어요!
방이 좀 좁기는 했지만, 깔끔하고 침대도 편했습니다.
건물 1층에 카페와 레스토랑도 있어 좋았구요ㅎㅎ
다음에 또 가보려고 합니다!!!",선정릉역이랑 가까워서 좋았어요 방이 좀 좁기는 했지만 깔끔하고 침대도 편했습니다 건물 층에 카페와 레스토랑도 있어 좋았고 요다음에 또 가보려고 합니다,2020. 06. 07
611,호텔 크레센도 서울,5,생각보다 좁았지만 기본적으로 퀄리티가 높아 만족하고 갑니다,생각보다 좁았지만 기본적으로 퀄리티가 높아 만족하고 갑니다,2020. 06. 02
612,호텔 크레센도 서울,5,"서울에 일있을때마다 방문하는 크레센도~
체크아웃시 1층에 키를 넣고가는 써비스도 너무 맘에 듬@",서울에 일 있을 때마다 방문하는 크레셴도 체크아웃 시 층에 키를 넣고 가는 서비스도 너무 맘에 듦,2020. 05. 23
613,호텔 크레센도 서울,5,청결하고 쉬다가기 좋아요! 근처에 분위기 좋은 카페도 있어요,청결하고 쉬다 가기 좋아요 근처에 분위기 좋은 카페도 있어요,2020. 04. 21
614,호텔 크레센도 서울,5,"침구류에 얼룩이 묻어있으면 교체좀 필히 해주세요
그것만큼 그 공간의 경험을 망치는 게 또 없습니다
샤워 타올과 일회용 면도기 정도는 기본적으로 구비되어 있으면 좋겠네요",침구류에 얼룩이 묻어있으면 교체 좀 필히 해주세요 그것만큼 그 공간의 경험을 망치는 게 또 없습니다 샤워 타월과 일회용 면도기 정도는 기본적으로 구비되어 있으면 좋겠네요,2020. 04. 07
615,호텔 크레센도 서울,5,침대도 푹신하고 깔끔하고 좋아요 근데 엘베가 좀 불편해요,침대도 푹신하고 깔끔하고 좋아요 근데 엘베가 좀 불편해요,2020. 04. 06
616,호텔 크레센도 서울,5,조금 좁지만 굉장히청결하고 좋아요,조금 좁지만 굉장히 청결하고 좋아요,2020. 04. 02
617,호텔 크레센도 서울,5,"옆에서 공사중이라 아침에 시끄럽고, 퇴실할때나 외출할때 차량대기가 불가능하여 1층을 내려가서 발렛을 기다려야함 (기계식이라 오래걸림) 
직원들 서비스는 아주 좋고 친절하고 방 청결도 좋은편.",옆에서 공사 중이라 아침에 시끄럽고 퇴실할 때나 외출할 때 차량 대기가 불가능하여 층을 내려가서 발레를 기다려야 함 기계식이라 오래 걸림 직원들 서비스는 아주 좋고 친절하고 방 청결도 좋은 편,2020. 03. 16
618,호텔 크레센도 서울,5,방도 깔끔하고 채광도 좋았습니다. 직원분들도 친절하세요.,방도 깔끔하고 채광도 좋았습니다 직원분들도 친절하세요,2020. 02. 23
619,호텔 크레센도 서울,5,조금 좁긴한데 객실 정말 깨끗합니다,조금 좁긴 한데 객실 정말 깨끗합니다,2020. 02. 15
620,호텔 크레센도 서울,5,객실은 아담했지만 조식과 서비스가 좋았습니다😊,객실은 아담했지만 조식과 서비스가 좋았습니다,2020. 01. 30
621,호텔 크레센도 서울,5,편하고 쾌적한 시간 보내고 가요!,편하고 쾌적한 시간 보내고 가요,2019. 12. 10
622,호텔 크레센도 서울,5,따뜻하고 침대푹신하고 좋았습니다,따뜻하고 침대 푹신하고 좋았습니다,2019. 11. 25
623,호텔 크레센도 서울,5,"객실업그레이드해주셨어요! 
대박입니다",객실 업그레이드해주셨어요 대박입니다,2019. 10. 21
624,호텔 크레센도 서울,5,객실이 작다작다 많이들 얘기하는 이제야 알겠다 ㅋㅋ 근데 옥상에서 바라보는 야경은 좋았어요 노을지는 시간에 구경가 보아요,객실이 작다 작다 많이들 얘기하는 이제야 알겠다  근데 옥상에서 바라보는 야경은 좋았어요 노을 지는 시간에 구경 가 보아요,2019. 10. 01
625,호텔 크레센도 서울,5,너무너무 좋았어요 방이 작긴했지만 또가려구요,너무너무 좋았어요 방이 작긴 했지만 또 가려고요,2019. 10. 01
626,호텔 크레센도 서울,5,여기 모시고간 분도 예약한 저도 너무 만족스러웠어요. 여기 다시 또 방문의사 완전 있습니다.,여기 모시고 간 분도 예약한 저도 너무 만족스러웠어요 여기 다시 또 방문의 사 정말 있습니다,2019. 09. 21
627,호텔 크레센도 서울,5,"가성비 좋습니다. 에어컨 수리로 체크인이 늦어졌지만, 체크아웃시간도 늘려주시고 좋았어요.", 구성비  좋습니다 에어컨 수리로 체크인이 늦어졌지만 체크아웃 시간도 늘려주시고 좋았어요,2019. 08. 20
628,호텔 크레센도 서울,5,객실 좁은거 빼곤 너무 좋아요,객실 좁은 거 빼곤 너무 좋아요,2019. 08. 18
629,호텔 크레센도 서울,5,방 크기 작은거 외에는 전부 마음에 들았어요! 크기 작았던 것도 아늑하다 생각하면 아쉬운점 없었네요ㅎㅎㅎ,방 크기 작은 거 외에는 전부 마음에 들었어요 크기 작았던 것도 아늑하다 생각하면 아쉬운 점 없었네요,2019. 08. 14
630,호텔 크레센도 서울,5,"발렛 비용이 따로 1만원 발생해요

나머지는 흠잡을데 없이 좋습니다",발레 비용이 따로 만원 발생해요 나머지는 흠잡을 데 없이 좋습니다,2019. 06. 16
631,호텔 크레센도 서울,5,다 좋은데 방이 진짜 좁아요,다 좋은데 방이 진짜 좁아요,2019. 02. 01
632,잠실 딜라이트호텔,5,"항상 좋은 곳이에요
어머니 병원진료차 묵는 호텔인데 깔끔해요",항상 좋은 곳이에요 어머니 병원 진료차 묵는 호텔인데 깔끔해요,2021. 08. 10
633,잠실 딜라이트호텔,5,"큰 거리에서 살짝 벗어나 골목으러 들어가야 하는줄 모르고 그냥 갔다가 해맸지만 그거 말고는 다 좋았어요!
조식도 맛있고 서비스도 좋았네요~",큰 거리에서 살짝 벗어나 골목으로 들어가야 하는 줄 모르고 그냥 갔다가 헤맸지만 그거 말고는 다 좋았어요 조식도 맛있고 서비스도 좋았네요,2021. 01. 06
634,잠실 딜라이트호텔,5,항상 아산병원 갈 일 있을때 마다 숙박하는데 너무 좋아요 ! 그 근처 가면 이 호텔로 구할 듯해요 ! ㅎㅎ 6개월 후에 다시 와야되는데 또 이용할께요 !,항상 아산병원 갈 일 있을 때마다 숙박하는데 너무 좋아요  그 근처 가면 이 호텔로 구할 듯해요   개월 후에 다시 와야 되는데 또 이용할게요,2020. 12. 11
635,잠실 딜라이트호텔,5,"전체적인 숙박 분위기와 청결도, 서비스 괜찮습니다.",전체적인 숙박 분위기와 청결도 서비스 괜찮습니다,2020. 12. 04
636,잠실 딜라이트호텔,5,"모텔 촌 사이에 있었는데
근처 숙박시설보다 훨씬 나아보였습니다
확실히 역이랑 가까운 편이다보니 접근성도 좋아요
2박으로 연박했는데 깔끔하게 정리 잘 되어있었고
친절하고...! 엄마랑 첫 여행이었는데 정말 좋게 머물다 갔어요
전반적으로 모텔+호텔 좋은 점만 담아둔것 같았습니다
서비스 음료쿠폰도 주셔서 기분좋게 먹었습니다ㅎㅎ
리뷰가 좋은데엔 이유가 있어요~더보기",모텔 촌 사이에 있었는데 근처 숙박시설보다 훨씬 나아 보였습니다 확실히 역이랑 가까운 편이다 보니 접근성도 좋아요 박으로 연방했는데 깔끔하게 정리 잘 되어있었고 친절하고 엄마랑 첫 여행이었는데 정말 좋게 머물다 갔어요 전반적으로 모텔 호텔 좋은 점만 담아둔 것 같았습니다 서비스 음료 쿠폰도 주셔서 기분 좋게 먹었습니다 리경치가 좋은 데엔 이유가 있어요 ,2020. 12. 01
637,잠실 딜라이트호텔,5,"정말 좋았는데 샤워할 때 물이 잘 안 내려가더라구요
그거 빼고는 다 좋았습니다!",정말 좋았는데 샤워할 때 물이 잘 안 내려가더라고요 그거 빼고는 다 좋았습니다,2020. 08. 10
638,잠실 딜라이트호텔,5,시설도 좋고 직원분들도 친절하셨어요,시설도 좋고 직원분들도 친절하셨어요,2020. 06. 25
639,잠실 딜라이트호텔,5,좋았습니다 깔끔하고 작았지만 침대가 넘 편했어요,좋았습니다 깔끔하고 작았지만 침대가 너무 편했어요,2020. 01. 04
640,잠실 딜라이트호텔,5,너무 깨끗하고 깔끔하고 예쁘고 좋았어요~,너무 깨끗하고 깔끔하고 예쁘고 좋았어요,2020. 01. 04
641,잠실 딜라이트호텔,5,객실도 깨끗하고 고급지고 좋았어요ㅎㅎ 근방 숙박업소들 중에선 여기가 제일 고급지고 좋은 것 같아요ㅎ 후기 중에 별로라는 분들껀 신경 안 쓰셔도 될것 같아요ㅎ 개인마다 생각이 다를 순 있지만 그 후기분들이 걍 불편러들 같아서요^^ 쨌든 잠실에서 또 숙박하게 되면 무조건 여기로 다시 잡을 것 같아용ㅎ,객실도 깨끗하고 고급 지고 좋았어요 근방 숙박업소들 중에선 여기가 제일 고급 지고 좋은 것 같아요 후기 중에 별로라는 분들 건 신경 안 쓰셔도 될 것 같아요 개인마다 생각이 다를 순 있지만 그 후 기분들이 그냥 불편러들 같아서요 쨌든 잠실에서 또 숙박하게 되면 무조건 여기로 다시 잡을 것 같아요,2019. 12. 28
642,잠실 딜라이트호텔,5,깨끗하고 쾌적한 숙소입니당 ~^^ 좋아요 !,깨끗하고 쾌적한 숙소입니다  좋아요 ,2019. 12. 22
643,잠실 딜라이트호텔,5,다른 부분들은 좋았으나 호텔 위치가 조금 아쉬워요.,다른 부분들은 좋았으나 호텔 위치가 조금 아쉬워요,2019. 09. 15
644,잠실 딜라이트호텔,5,"수서역에서 픽업 서비스가 안되어 아쉬웠지만 잠실 샌딩서비스는 친절하게 해주심 
방이동 먹자골목이 인접해있어 편리했고 
객실중문이 있어 소음도없고 침대 컨디션도 괜찮음 
조식 뷔페식이 아닌 개별 식판에 나오는것도 깔끔 
전반적으로 만족했습니다더보기",수서역에서 픽업 서비스가 안되어 아쉬웠지만 잠실 샌딩 서비스는 친절하게 해주심 방이동 먹자골목이 인접해있어 편리했고 객실 중문이 있어 소음도 없고 침대 컨디션도 괜찮음 조식 뷔페식이 아닌 개별 식판에 나오는 것도 깔끔 전반적으로 만족했습니다 ,2019. 08. 22
645,잠실 딜라이트호텔,5,깨끗하고 또 이용하고 싶은 숙소입니다 정말 깔끔하고 좋아요,깨끗하고 또 이용 하고 싶은 숙소입니다 정말 깔끔하고 좋아요,2019. 07. 03
646,잠실 딜라이트호텔,5,"롯데타워 구경하고 5분쯤?
가까운거리에 있었구요. 금방 찾을수있었어요.
생각보다 방이 좀 작았지만.
조용하고 깨끗하고 좋았어요.
조식도 맛있었구요.
잘놀다왔어요. 감사해요더보기",롯데타워 구경하고 분쯤 가까운 거리에 있었고요 금방 찾을 수 있었어요 생각보다 방이 좀 작았지만 조용하고 깨끗하고 좋았어요 조식도 맛있었고요 잘 놀다 왔어요 감사해요 ,2019. 02. 26
647,잠실 딜라이트호텔,5,급하게 롯데월드 가기로 결정해서 당일로 예약하고 애데리고 묵었습니다. 모텔 많은 곳에 있어서 살짝 고민하다가 예약했는데 좋았어요. 잠실역에서 걸어서 10분정도 였구요 롯데월드와 롯데타워 옆이라 위치가 좋았어요. 시설은 깨끗한 편이었구요 침대가 넓어서 너무 좋았습니다. 벽에서 찬바람이 약간 나왔는데 그렇게 춥거나 하진않았어요. 바닥이 온돌인지 뜨끈해서 좋았습니다. 다음번에 올라갈때 또 예약하겠습니다.,급하게 롯데월드 가기로 결정해서 당일로 예약하고 애 데리고 묵었습니다 모텔 많은 곳에 있어서 살짝 고민하다가 예약했는데 좋았어요 잠실역에서 걸어서 분 정도였고요 롯데월드와 롯데타워 옆이라 위치가 좋았어요 시설은 깨끗한 편이었고요 침대가 넓어서 너무 좋았습니다 벽에서 찬바람이 약간 나왔는데 그렇게 춥거나 하진 않았어요 바닥이 온돌인지 뜨끈해서 좋았습니다 다음번에 올라갈 때 또 예약하겠습니다,2018. 12. 31
648,잠실 딜라이트호텔,5,이용할때마다 직원분들의 친절함에 감사드립니다,이용할 때마다 직원분들의 친절함에 감사드립니다,2018. 12. 13
649,잠실 딜라이트호텔,5,방이 좀 좁긴했지만 깔끔하고 좋았어요~~,방이 좀 좁긴 했지만 깔끔하고 좋았어요,2018. 11. 26
650,잠실 딜라이트호텔,5,전체적으로 좋았습니다. 조식 맛있구요~ 방음도 잘되네요~~,전체적으로 좋았습니다 조식 맛있고요 방음도 잘 되네요,2018. 08. 25
651,잠실 딜라이트호텔,5,새건물이라 깔끔하고 인테리어도 이뻣어요 가격대비 좋아요 다만 아침에 공사소리때문에ㅠㅠ 방음이 좀더 잘되엇으면 좋겟습니다~! 잠실야구 경기장이랑 가까워서 너무좋앗어요,새 건물이라 깔끔하고 인테리어도 이뻤어요  구성비  좋아요 다만 아침에 공사 소리 때문에 방음이 좀 더 잘 되었으면 좋겠습니다 잠실야구 경기장이랑 가까워서 너무 좋았어요,2018. 05. 07
652,잠실 딜라이트호텔,5,에어컨 안나오는 거 빼고 좋았어요,에어컨 안 나오는 거 빼고 좋았어요,2018. 04. 02
653,잠실 딜라이트호텔,5,오래머물다갑니다~~ 다음에 이동네오게되면 또 이용할게요~~,오래 머물다 갑니다 다음에 이 동네 오게 되면 또 이용할게요,2018. 03. 14
654,잠실 딜라이트호텔,5,방도 따뜻하고 너무 좋았어요,방도 따뜻하고 너무 좋았어요,2018. 02. 04
655,임피리얼 팰리스 서울,5,자주이용하는곳  업그레이드해주셔서  조아요,자주 이용하는 곳  업그레이드해주셔서  좋아요,2020. 05. 12
656,임피리얼 팰리스 서울,5,이상하게 쾌적한 느낌이 안들어요 다 예쁜데 말이죠,이상하게 쾌적한 느낌이 안 들어요 다 예쁜데 말이죠,2020. 03. 18
657,임피리얼 팰리스 서울,5,호텔델루나 생각이 날만큼 너무 고급스러웠어요,호텔 델리나 생각이 날 만큼 너무 고급스러웠어요,2020. 02. 05
658,임피리얼 팰리스 서울,5,항상 이용하는곳  좋아요  위치도 좋음,항상 이용하는 곳  좋아요  위치도 좋음,2020. 01. 21
659,임피리얼 팰리스 서울,5,이번에 기념일 이벤트로 인해 처음 가보게 됬는데 너무 만족스러웠어요. 여자친구나 남자친구랑 같이 가는 걸 추천드립니다. 객실은 정말 앤틱한 분위기를 조성해서 영국식 로열 호텔 느낌이 난다고 생각하시면 됩니다. 조식도 정말 호화롭게 즐기다 갔습니다.,이번에 기념일 이벤트로 인해 처음 가보게 됐는데 너무 만족스러웠어요 여자친구나 남자친구랑 같이 가는 걸 추천드립니다 객실은 정말 앤티크 한 분위기를 조성해서 영국식 로열 호텔 느낌이 난다고 생각하시면 됩니다 조식도 정말 호화롭게 즐기다 갔습니다,2019. 10. 15
660,임피리얼 팰리스 서울,5,호캉스로 갔었는데 패키지에 포함된 키트는 저도 까먹고 호텔측에서도 잊으셨나봅니다 ㅋㅋㅋ 신나게 놀다왔어요 ㅋㅋㅋ,호캉스로 갔었는데 패키지에 포함된 키트는 저도 까먹고 호텔 측에서도 잊으셨나 봅니다  신나게 놀다 왔어요,2019. 04. 20
661,강남아르누보씨티 호텔,5,생각보다 안락한 호텔로 보임,생각보다 안락한 호텔로 보임,2021. 05. 15
662,강남아르누보씨티 호텔,5,"내부가 고급스럽고 엄청 넓어서 놀랬어용 
취사용품 다 있는것도 좋았습니당",내부가 고급스럽고 엄청 넓어서 놀랬어요 취사용품 다 있는 것도 좋았습니다,2021. 01. 18
663,강남아르누보씨티 호텔,5,20년의 마지막을 여기서 잘 보내고 갑니다,년의 마지막을 여기서 잘 보내고 갑니다,2021. 01. 07
664,강남아르누보씨티 호텔,5,깔끔하고 좋아요. 간단한 취사가 가능해서 좋네요.,깔끔하고 좋아요 간단한 취사가 가능해서 좋네요,2020. 12. 06
665,강남아르누보씨티 호텔,5,ㅋㅋㅋㅋ진짜 10시반에 벨누르시네요. 다른건 너무좋았요,진짜 시반에 벨 누르시네요 다른 건 너무 좋아요,2020. 11. 08
666,강남아르누보씨티 호텔,5,위치도 좋고 방도 크고 깔끔합니다,위치도 좋고 방도 크고 깔끔합니다,2020. 10. 24
667,강남아르누보씨티 호텔,5,전철역도 가깝고 방도크고 간단한 취사와 세탁도 가능하고 좋네요,전철 역도 가깝고 방도 크고 간단한 취사와 세탁도 가능하고 좋네요,2020. 10. 04
668,강남아르누보씨티 호텔,5,"연휴 전에 들러서 좋은 시간 보내고 갑니다^^
객실 업그레이드 해주셔서 너무 좋았습니다~",연휴 전에 들러서 좋은 시간 보내고 갑니다 객실 업그레이드해주셔서 너무 좋았습니다,2020. 09. 30
669,강남아르누보씨티 호텔,5,전철역도 가깝고 방도크고 간단한 취사와 세탁도 가능하고 좋네요,전철 역도 가깝고 방도 크고 간단한 취사와 세탁도 가능하고 좋네요,2020. 09. 27
670,강남아르누보씨티 호텔,5,전철역도 가깝고 방도크고 간단한 취사와 세탁도 가능하고 좋네요,전철 역도 가깝고 방도 크고 간단한 취사와 세탁도 가능하고 좋네요,2020. 08. 22
671,강남아르누보씨티 호텔,5,전철역도 가깝고 방도크고 간단한 취사와 세탁도 가능하고 좋네요,전철 역도 가깝고 방도 크고 간단한 취사와 세탁도 가능하고 좋네요,2020. 08. 19
672,강남아르누보씨티 호텔,5,친절하고 무료 업그레이드까지 잘쉬었다 갑니다,친절하고 무료 업그레이드까지 잘 쉬었다 갑니다,2020. 08. 09
673,강남아르누보씨티 호텔,5,"프론트 직원분도 친절하시고, 조식도 괜찮았어요!
방은 70년대 부잣집 느낌ㅋㅋ 근데 낡은 느낌 없이 다 너무 잘 관리되어있어서 좋았고, 청소상태도 굿굿입니다. 쇼파 사이가 깨끗한 거 보고 소름돋음ㅋㅋㅋ
티비가 조금 작기는 한데 가격대비 너무 좋고, 무엇보다 주방이 있어서 좋았어요!!",프런트 직원분도 친절하시고 조식도 괜찮았어요 방은 연대 부잣집 느낌 근데 낡은 느낌 없이 다 너무 잘 관리되어있어서 좋았고 청소상태도 굿군입니다 소파 사이가 깨끗한 거 보고 소름 돋음 티브이가 조금 작기는 한데  구성비  너무 좋고 무엇보다 주방이 있어서 좋았어요,2020. 08. 02
674,강남아르누보씨티 호텔,5,깔끔하고 거실과 침실이 분리되어 있어 좋아요.,깔끔하고 거실과 침실이 분리되어 있어 좋아요,2020. 07. 31
675,강남아르누보씨티 호텔,5,다좋은대 불이잘안꺼져요 나머진좋아요,다 좋은데 불이 잘 안 꺼져요 나머진 좋아요,2020. 03. 27
676,강남아르누보씨티 호텔,5,시설도 좋고 서비스도 친절했으며 구조가 너무 마음에 들었습니다,시설도 좋고 서비스도 친절했으며 구조가 너무 마음에 들었습니다,2019. 05. 01
677,강남아르누보씨티 호텔,5,레지던스 가려고 할 땐 제일 먼저 떠오르는 듯 합니다,레지던스 가려고 할 땐 제일 먼저 떠오르는 듯합니다,2018. 01. 05
678,역삼 아르누보 호텔,5,친절하고 좋았어요 위치도좋아요,친절하고 좋았어요 위치도 좋아요,2021. 04. 25
679,역삼 아르누보 호텔,5,"깔끔하고 조용함
대신 역이랑 거리가 있음",깔끔하고 조용함 대신 역이랑 거리가 있음,2020. 11. 15
680,역삼 아르누보 호텔,5,"전반적으로 정말 만족이였습니다
다음에 또 올게요!",전반적으로 정말 만족이었습니다 다음에 또 올게요,2020. 04. 04
681,역삼 아르누보 호텔,5,친절하고 룸 상태도 좋았어요~!,친절하고 룸 상태도 좋았어요,2019. 11. 17
682,역삼 아르누보 호텔,5,깨끗하고 접근성도 좋았습니다.,깨끗하고 접근성도 좋았습니다,2019. 01. 05
683,역삼 아르누보 호텔,5,항상 여기에 숙박합니다 ㅎ 불편함없고 잘쉬다가는곳입니다 ㅎ~,항상 여기에 숙박합니다  불편함 없고 잘 쉬다가는 곳입니다,2018. 12. 20
684,역삼 아르누보 호텔,5,천장이 높아서 넓어보여서 좋았구요 아무래도 취사가 제일 굳굳 근데 화장실 물온도조절이 약간 어려웠어요 찬물뜨신물 조절하는 밸브가 따로따로라 미지근한물쓰려면 두개 다 틀어서 온도를 맞춰야하는점? 호텔위치는 역과 역사이에 있어서 지하철을 이용하신다면 좀 멀게 느껴졌어요 ! 그래도 인테리어도 고풍스럽고 복층을 쓸 시간이 없었어서 다음에 또 방문할거에요!,천장이 높아서 넓어 보여서 좋았고요 아무래도 취사가 제일 굳굳 근데 화장실 물온도 조절이 약간 어려웠어요 찬물 뜨신 물 조절하는 밸브가 따로따로라 미지근한 물 쓰려면 두 개다 틀어서 온도를 맞춰야 하는 점 호텔 위치는 역과 역사 이에 있어서 지하철을 이용하신다면 좀 멀게 느껴졌어요  그래도 인테리어도 고풍스럽고 복층을 쓸 시간이 없어서 다음에 또 방문할 거예요,2018. 12. 07
685,역삼 아르누보 호텔,5,간단한 요리을 해먹을 수 있어서 좋았어요. 둘이가서 복층공간까지는 안쓰고 아래에서 잘 놀았어요,간단한 요리를 해먹을 수 있어서 좋았어요 둘이 가서 복층 공간까지는 안 쓰고 아래에서 잘 놀았어요,2018. 02. 13
686,역삼 아르누보 호텔,5,요리를 해 먹을 수 있어서 좋았어요^^,요리를 해 먹을 수 있어서 좋았어요,2017. 12. 18
687,역삼 아르누보 호텔,5,"시설 다 좋았는데 샤워가운이 없던게 좀 아쉽네요
그리고 냉장고가 숨어있어서 체크아웃 1시간전에 찾았어요 ㅋㅋㅋㅋㅋㅋㅋ",시설 다 좋았는데 샤워가운이 없던 게 좀 아쉽네요 그리고 냉장고가 숨어있어서 체크아웃 시간 전에 찾았어요 ,2017. 12. 02
688,역삼 아르누보 호텔,5,일단 방이 좁지만 천장이 높아서 굉장히.만족햇습니다. 도심이라서 근처에 마트도 잇고 접근성도 좋앗구요. 패밀리룸으로 업그레이드도 해주셔서 잘쉬다 갑니다. 재방문의사 잇어요,일단 방이 좁지만 천장이 높아서 굉장히 만족했습니다 도심이라서 근처에 마트도 잇고 접근성도 좋았고요 패밀리룸으로 업그레이드도 해주셔서 잘 쉬다 갑니다 재방문의 사 있어요,2017. 11. 05
689,호스텔베네 롯데타워점,5,방도 전반적으로 깔끔했고 위치 접근성도 좋아서 교통편 이용하기가 편했어요~ 잠실쪽 오게 되면 또 방문할게요!,방도 전반적으로 깔끔했고 위치 접근성도 좋아서 교통편 이용하기가 편했어요 잠실 쪽 오게 되면 또 방문할게요,2021. 08. 09
690,호스텔베네 롯데타워점,5,"논술보러 방문했던 숙소입니다. 
모텔같은경우는 대실때문에 연박예약이 좀 힘들어서, 호스텔을 택했습니다. 
강남권 호텔들과 비교하면 시설의 수준은 약간 미달이지만 정말 가성비 갑입니다. 
정말 만족하게 사용했구요.
각 거점대학교를 대중교통을 통해 갈수있는 접근성이 아주 좋았습니다. 
왕 추천해용더보기",논술 보러 방문했던 숙소입니다 모텔 같은 경우는 대실 때문에 연박 예약이 좀 힘들어서 호스텔을 택했습니다 강남권 호텔들과 비교하면 시설의 수준은 약간 미달이지만 정말  구성비  갑입니다 정말 만족하게 사용했고 요각 거점 대학교를 대중교통을 통해 갈 수 있는 접근성이 아주 좋았습니다 왕 추천해요 ,2020. 12. 08
691,호스텔베네 롯데타워점,5,"친구들이랑 4명이서 묵었습니다.
시설은 수준은 모텔이지만 1층에 식당겸 카페가 있어 사용학 좋구요. 프론트 친절하세요.",친구들이랑 명에서 묵었습니다 시설은 수준은 모텔이지만 층에 식당 겸 카페가 있어 사용한 좋고요 프런트 친절하세요,2020. 08. 26
692,호스텔베네 롯데타워점,5,생각보다  작았지만  밤늦게잠만자는 거라 괜찮음,생각보다  작았지만  밤늦게 잠만 자는 거라 괜찮음,2020. 07. 24
693,호스텔베네 롯데타워점,5,위치도 찾기쉽고 방도 깔끔했습니다^^ 무엇보다근처 편의점도 있어서 좋았습니다,위치도 찾기 쉽고 방도 깔끔했습니다 무엇보다 근처 편의점도 있어서 좋았습니다,2020. 07. 23
694,호스텔베네 롯데타워점,5,물 온도 맞추기 힘든것 빼고는 다 좋았어요!!!,물 온도 맞추기 힘든 것 빼고는 다 좋았어요,2020. 05. 28
695,안테룸 서울,5,남자친구랑 여행 못가서 대신 호캉스 하려고 숙소 잡았는데 생각보다 너무 좋았어요 뷰도 너무 좋아서 힐링되구요! 샴푸랑 바디워시가 비누인것도 너무 좋았어용 칫솔도 나무 칫솔이라서 너무 좋았구요! 샤워가운대신 잠옷인것도 너무 좋았던것 같아요 (혹시 어디건지 알려주실수…) 침대도 너무 푹신해서 일어나기 싫을정도였습니다 호텔 예약하기 전에 조식할지 말지 너무 고민되었는데 조식하길 잘했던것 같아요! 조식도 너무 맛있었어요!! 편의점도 근처에 2개 있어서 편의성이 좋았구요 하지만 역에서 걸어서 좀 걸린다는게 단점이지만 교통빼면 너무 좋아서 다음에도 오고싶어요!,남자친구랑 여행 못 가서 대신 호캉스 하려고 숙소 잡았는데 생각보다 너무 좋았어요 경치도 너무 좋아서 힐링 되고요 샴푸랑 보디워시가 비누인 것도 너무 좋았어요 칫솔도 나무 칫솔이라서 너무 좋았고요 샤워가운 대신 잠옷인 것도 너무 좋았던 것 같아요 혹시 어디 건지 알려주실 수 침대도 너무 푹신해서 일어나기 싫을 정도였습니다 호텔 예약하기 전에 조식할지 말지 너무 고민되었는데 조식하길 잘했던 것 같아요 조식도 너무 맛있었어요 편의점도 근처에 개 있어서 편의성이 좋았고요 하지만 역에서 걸어서 좀 걸린다는 게 단점이지만 교통 빼면 너무 좋아서 다음에도 오고 싶어요,2021. 08. 26
696,안테룸 서울,5,깔끔하고 효율적인 구조가 마음에 들어요!!,깔끔하고 효율적인 구조가 마음에 들어요,2021. 05. 07
697,안테룸 서울,5,깔끔하고 뷰가 이쁩니다 단순해서 오히려 맘에듭니다,깔끔하고 경치가 이쁩니다 단순해서 오히려 맘에 듭니다,2021. 04. 05
698,안테룸 서울,5,"방이 이쁘고 가격,위치면에서 훌륭합니다. 혼자와도 좋고 둘이 와도 좋을 것 같아요. 다음에 또 올 의향 있습니다.",방이 이쁘고 가격 위치면에서 훌륭합니다 혼자와도 좋고 둘이 와도 좋을 것 같아요 다음에 또 올 의향 있습니다,2021. 01. 27
699,안테룸 서울,5,"객실 아담하고 좋았어요
조식도 굿 👍",객실 아담하고 좋았어요 조식도 굿 ,2021. 01. 13
700,안테룸 서울,5,좋습니다 편히 쉬다 갑니다 깔끔하고 이뻐요,좋습니다 편히 쉬다 갑니다 깔끔하고 이뻐요,2020. 12. 19
701,안테룸 서울,5,기대했던 곳인데 객실 인테리어도 사진 그대로 너무 정갈하고 예뻤어요! 조금 작은 느낌은 있어서 아쉬웠습니다. 방음이 다소 약했어요. 투숙객에게는 루프탑바 프리 드링크 쿠폰을 줘서 잘 사용했습니다. 친구와 다음에 또 올 것 같아요 :),기대했던 곳인데 객실 인테리어도 사진 그대로 너무 정갈하고 예뻤어요 조금 작은 느낌은 있어서 아쉬웠습니다 방음이 다소 약했어요 투숙객에게는 루프탑바 프리 드링크 쿠폰을 줘서 잘 사용했습니다 친구와 다음에 또 올 것 같아요 ,2020. 11. 24
702,안테룸 서울,5,가로수길에 이렇게 저렴하면서도 깨끗하고 접근성이 좋은 호텔이라니 너무 만족하며 지냈습니다:),가로수길에 이렇게 저렴하면서도 깨끗하고 접근성이 좋은 호텔이라니 너무 만족하며 지냈습니다,2020. 11. 16
703,안테룸 서울,5,직원들이 되게 자유분방하셨고 화장실이 엄청좁았지만 위치는 엄청좋았어요,직원들이 되게 자유분방하셨고 화장실이 엄청 좁았지만 위치는 엄청 좋았어요,2020. 11. 01
704,안테룸 서울,5,"완전 감성 숙소 !!🦊🦊
룸컨디션도 너무좋았고 위에 루프탑도 너무 좋았습니다 
린스같은 컨디셔너나 로션같은 기본 제품들은
없기 때문에
챙겨서 가시는게 좋을거같아요~더보기",완전 감성 숙소 룸 컨디션도 너무 좋았고 위에 루프탑도 너무 좋았습니다 린스 같은 컨디셔너나 로션 같은 기본 제품들은 없기 때문에 챙겨서 가시는 게 좋을 거 같아요 ,2020. 10. 28
705,안테룸 서울,5,뷰가 너무 예뻤어요. 방도 깔끔하고 예뻤습니당,경치가 너무 예뻤어요 방도 깔끔하고 예뻤습니다,2020. 10. 13
706,글래드 라이브 강남,5,"어메니티를 따로 구매해야 한다는것이 아쉬웠지만
대체적으로 만족합니당 
사정을 말씀드렸더니 30분일찍 체크인하게 해주시고
감사했습니다~^^
다음에 또 방문의사 있습니다^^더보기",어메니티를 따로 구매해야 한다는 것이 아쉬웠지만 대체적으로 만족합니다 사정을 말씀드렸더니 분 일찍 체크인하게 해주시고 감사했습니다 다음에 또 방문의 사 있습니다 ,2021. 08. 03
707,글래드 라이브 강남,5,"룸컨디션도 너무 좋고, 프런트 직원분들 문의사항도 친절히 잘 답해주시고, 좋았습니다. 사정이생겨 밤늦게 일찍체크아웃 했는데 특히 빛나 라는 성함가진 직원분이 친절하게 응대해주어, 글래드에서의 좋은 기억을 가지고 갑니다:)",룸 컨디션도 너무 좋고 프런트 직원분들 문의사항도 친절히 잘 답해주시고 좋았습니다 사정이 생겨 밤늦게 일찍 체크아웃 했는데 특히 빛나라는 성함 가진 직원분이 친절하게 응대해주어 글래드에서의 좋은 기억을 가지고 갑니다,2021. 07. 23
708,글래드 라이브 강남,5,너무 편하게 잘 묵고 왔어요. 언주역 바로 근처라 왔다갔다하기도 편하고 스벅 편의점 바로 옆이라 좋네요. 방도 정말 깨끗. 침구도 폭신하고 좋아요. 다만 양치세트는 구비되어있지 않으니 꼭 챙겨가세요 ^^~,너무 편하게 잘 묵고 왔어요 언 주역 바로 근처라 왔다 갔다 하기도 편하고 슴벅 편의점 바로 옆이라 좋네요 방도 정말 깨끗 침구도 폭신하고 좋아요 다만 양치세트는 구비되어있지 않으니 꼭 챙겨가세요 ,2021. 07. 22
709,글래드 라이브 강남,5,"글래드 여의도 공덕 삼성 다 가봤는데 
강남이 제일 노후 되었네요;;;;",글래드 여의도 공덕 삼성 다 가봤는데 강남이 제일 노후되었네요,2021. 07. 12
710,글래드 라이브 강남,5,너무 깔끔하고 좋았습니다 ㅎㅎ,너무 깔끔하고 좋았습니다 ,2021. 07. 08
711,글래드 라이브 강남,5,스피커 없어서 아쉬웠지만 모든 면에서 너무 좋았어요,스피커 없어서 아쉬웠지만 모든 면에서 너무 좋았어요,2021. 06. 18
712,글래드 라이브 강남,5,침대 너무 편했어요 접근성도 최고..담에 또 올께요 :),침대 너무 편했어요 접근성도 최고단에 또 올게요,2021. 06. 03
713,글래드 라이브 강남,5,"다 넓고 커요! 그래서 넘 편리했음
무엇보다 침대가 역대급 푹신함",다 넓고 커요 그래서 너무 편리했음 무엇보다 침대가 역대급 푹신함,2021. 05. 25
714,글래드 라이브 강남,5,"위치도 너무 좋고, 객실도 너무 넓고 좋았어요 :)
체크인 할 때 층수도 먼저 물어봐 주시고, 높은층으로 배정해 주셔서 뷰도 너무 좋았네요~~
빅밴 쇼파도 너무너무 좋고, 침대도 너무 편하고 모든게 다 마음에 들었던 숙소였습니다 :) 감사합니당",위치도 너무 좋고 객실도 너무 넓고 좋았어요 체크인할 때 층수도 먼저 물어봐 주시고 높은 층으로 배정해 주셔서 경치도 너무 좋았네요 빅 밴 소파도 너무너무 좋고 침대도 너무 편하고 모든 게 다 마음에 들었던 숙소였습니다  감사합니다,2021. 05. 16
715,글래드 라이브 강남,5,"좋았어요^^ 침구 및 객실, 샤워실, 화장실 모두 깨끗하고 편안하고 동일 가격대비 다른 호텔들에 비해 큰게 장점인듯해요! 직원들이야 당연히 친절합니다~~",좋았어요 침구 및 객실 샤워실 화장실 모두 깨끗하고 편안하고 동일  구성비  다른 호텔들에 비해 큰 게 장점인듯해요 직원들이야 당연히 친절합니다,2021. 05. 01
716,글래드 라이브 강남,5,깨끗하고 조용하고 너무 좋았습니당,깨끗하고 조용하고 너무 좋았습니다,2021. 03. 31
717,글래드 라이브 강남,5,방 크기가 비교적 큰 편이며 깨끗합니다,방 크기가 비교적 큰 편이며 깨끗합니다,2021. 02. 14
718,글래드 라이브 강남,5,여자 셋에 가서 편하게 놀다왔습니당,여자 셋에 가서 편하게 놀다 왔습니다,2021. 01. 31
719,글래드 라이브 강남,5,침대도 편하고 객실도 넘 좋아서 서울가면 자주 가는곳이에요 넘 좋아용,침대도 편하고 객실도 너무 좋아서 서울 가면 자주 가는 곳이에요 너무 좋아요,2021. 01. 14
720,글래드 라이브 강남,5,"어제 방문했구요~^^
시설도 좋고 아주 만족했습니다.
앞으로 쭉 이용 예정입니다",어제 방문했고요 시설도 좋고 아주 만족했습니다 앞으로 쭉 이용 예정입니다,2021. 01. 06
721,글래드 라이브 강남,5,"저 포함 총 3명이 갔는데 위치 좋고 시설 깨끗하고 수압 좋고 직원분들 서비스까지 다 너무 좋은 곳이었습니다. 침대도 편하고 블루투스 스피커까지 있어서 적당한 가격대에 호캉스 하기 딱 좋은 곳이었네요ㅎㅎ
한가지 아쉬웠던 점은 코로나 때문에 칫솔과 와인잔이 구비가 되어있지않고 호텔내에서 따로 구매를 해야된다는 게 좀 아쉬웠습니다. 와인을 그냥 컵에다가 마셨네요.. 호텔은 분위긴데.. 이 점만 빼면 다 좋았습니다☺️",저 포함 총 명이 갔는데 위치 좋고 시설 깨끗하고 수압 좋고 직원분들 서비스까지 다 너무 좋은 곳이었습니다 침대도 편하고 블루투스 스피커까지 있어서 적당한 가격대에 호캉스 하기 딱 좋은 곳이었네요 한 가지 아쉬웠던 점은 코로나 때문에 칫솔과 와인잔이 구비가 되어있지 않고 호텔 내에서 따로 구매를 해야 된다는 게 좀 아쉬웠습니다 와인을 그냥 컵에다가 마셨네요 호텔은 분위긴데 이 점만 빼면 다 좋았습니다,2021. 01. 05
722,글래드 라이브 강남,5,깨끗하고 블루투스 스피커도 있고 너무 좋았어요,깨끗하고 블루투스 스피커도 있고 너무 좋았어요,2020. 12. 30
723,글래드 라이브 강남,5,깨끗하고 침대 넓어서 좋았어요!,깨끗하고 침대 넓어서 좋았어요,2020. 12. 28
724,글래드 라이브 강남,5,"청결도 청결이지만 근처에 편의점도 있고 너무 좋더라구요!!
침대도 너무 푹신푹신하고!!잘 쉬다 갑니당ㅎㅎ",청결도 청결이지만 근처에 편의점도 있고 너무 좋더라고요 침대도 너무 푹신푹신하고 잘 쉬다 갑니다,2020. 12. 27
725,글래드 라이브 강남,5,방도 좋고 서비스도 좋았어요~ 방음 잘 안되는게 조금 아쉽,방도 좋고 서비스도 좋았어요 방음 잘 안되는 게 조금 아쉽,2020. 12. 27
726,글래드 라이브 강남,5,다 좋은데 사람이 너무 많아서 엘베타기 힘들어요,다 좋은데 사람이 너무 많아서 엘베 타기 힘들어요,2020. 12. 25
727,글래드 라이브 강남,5,"로션, 스킨, 칫솔, 치약 따로 구매해야돼요 참고하세요",로션 스킨 칫솔 치약 따로 구매해야 돼요 참고하세요,2020. 12. 13
728,글래드 라이브 강남,5,너무너무 좋고 방음도 잘 됩니당 친구들이랑 파티하기 좋아요~,너무너무 좋고 방음도 잘 됩니다 친구들이랑 파티하기 좋아요,2020. 12. 01
729,글래드 라이브 강남,5,최근 갔던 호텔 중에 가격대비 가장 만족도 높았어요 강남쪽 호텔 중에 룸이 꽤 넓고 깔끔합니다,최근 갔던 호텔 중에  구성비  가장 만족도 높았어요 강남 쪽 호텔 중에 룸이 꽤 넓고 깔끔합니다,2020. 11. 29
730,글래드 라이브 강남,5,잘 머물다 갑니다. 깨끗하고 좋네요,잘 머물다 갑니다 깨끗하고 좋네요,2020. 11. 13
731,글래드 라이브 강남,5,정말 너무너무 좋았어요 ㅎㅎ 위치도 시설도 너무 굳굳,정말 너무너무 좋았어요  위치도 시설도 너무 굳굳,2020. 11. 08
732,글래드 라이브 강남,5,클럽 지하 방방소리가 12층에서도 들려요 지리는 사운드공격,클럽 지하 방방 소리가 층에서도 들려요 지리는 사운드 공격,2020. 11. 07
733,글래드 라이브 강남,5,한달에 한두번은 가는듯해요 좋습니다!,한 달에 한두 번은 가는듯해요 좋습니다,2020. 10. 29
734,글래드 라이브 강남,5,조금 시끄러운게빼고 다 좋아요,조금 시끄러운 게 빼고 다 좋아요,2020. 10. 27
735,글래드 라이브 강남,5,매니저분이 엄청 친절하셨어요,매니저분이 엄청 친절하셨어요,2020. 10. 18
736,글래드 라이브 강남,5,"깨끗하고 좋은데
이번에 배정받은 방은
매트리스 두개를 붙여놔서
매트리스가 자꾸 움직이고 사이가 갈라져서
불편하고 허리아팠어요
갈 때마다 만족하는 곳이었는데
이번엔 실망이었어요ㅠㅠ더보기",깨끗하고 좋은데 이번에 배정받은 방은 매트리스 두 개를 붙여놔서 매트리스가 자꾸 움직이고 사이가 갈라져서 불편하고 허리 아팠어요 갈 때마다 만족하는 곳이었는데 이번엔 실망이었어요 ,2020. 10. 02
737,글래드 라이브 강남,5,"침대 미쳤어요 ㅠㅠ 푹신해서 완전 꿀잠
분위기도 미쳤어요 ㅠㅠ",침대 미쳤어요  푹신해서 완전 꿀잠 분위기도 미쳤어요 ,2020. 09. 29
738,글래드 라이브 강남,5,"사진으로 봤을때랑 똑같고 룸 컨디션도 좋았어요.
다만 먼지가 좀 날렸던거 빼곤 다 좋았습니다.
다시 재방문 할것 같아요.",사진으로 봤을 때랑 똑같고 룸 컨디션도 좋았어요 다만 먼지가 좀 날렸던 거 빼곤 다 좋았습니다 다시 재방문 할 것 같아요,2020. 09. 27
739,글래드 라이브 강남,5,정말 깔끔하고 완전 강추합니다!!!,정말 깔끔하고 정말 강추합니다,2020. 08. 31
740,글래드 라이브 강남,5,"룸 컨디션을 비롯 세면대,욕실 인테리어도 좋아요 침대 크기 및 매트리스 탄성도 좋아요 주차 발렛서비스 및 로비 직원분들 너무 친절하셔서 다시 방문하고 싶은 마음이 바로 들었습니다",룸 컨디션을 비롯 세면대 욕실 인테리어도 좋아요 침대 크기 및 매트리스 탄성도 좋아요 주차 발레 서비스 및 로비 직원분들 너무 친절하셔서 다시 방문하고 싶은 마음이 바로 들었습니다,2020. 08. 22
741,글래드 라이브 강남,5,저는 늘가던곳이라 편하게 잘 묵고왔습니다^^,저는 늘 가던 곳이라 편하게 잘 묵고 왔습니다,2020. 08. 16
742,글래드 라이브 강남,5,"룸 컨디션도 진짜 좋고 침대 침구 다 너무 좋았어요... 
방도 굉장히 조용했고, 평상처럼 침대가 있어서 
신발 벗고 다니기도 편하고 어매니티로 있는 
샴푸 향도 너무 좋아서 기분 좋았습니다",룸 컨디션도 진짜 좋고 침대 침구 다 너무 좋았어요 방도 굉장히 조용했고 평상처럼 침대가 있어서 신발 벗고 다니기도 편하고 어메니티로 있는 샴푸 향도 너무 좋아서 기분 좋았습니다,2020. 08. 13
743,글래드 라이브 강남,5,정말 깔끔하고 좋았어요. 블루투스 스피커 탐날 정도로 좋네요..,정말 깔끔하고 좋았어요 블루투스 스피커 탐날 정도로 좋네요,2020. 07. 25
744,글래드 라이브 강남,5,지하철역 가깝고 객실 깨끗해서 좋았습니다:),지하철역 가깝고 객실 깨끗해서 좋았습니다,2020. 07. 22
745,글래드 라이브 강남,5,건물에 들어가면 4층이 프런트예요 프런트에서 아주 친절하게 맞아주셔서 감사했습니다! 방도 사진에 보이는것 그대로이고 숙소 청결도 아주 무난히 좋았습니다! 다음에 다시 이용하고 싶은 숙소네요!,건물에 들어가면 층이 프런트예요 프런트에서 아주 친절하게 맞아주셔서 감사했습니다 방도 사진에 보이는 것 그대로이고 숙소 청결도 아주 무난히 좋았습니다 다음에 다시 이용하고 싶은 숙소네요,2020. 07. 05
746,글래드 라이브 강남,5,남친이랑 군입대 전 마지막 여행에 간 숙소인데 너무 맘에 들었어요ㅎㅎ,남자친구랑 군 입대 전 마지막 여행에 간 숙소인데 너무 맘에 들었어요,2020. 06. 15
747,글래드 라이브 강남,5,"깔끔해서 너무 좋았어요!!
다음에 또 오고 싶어요ㅎㅎ",깔끔해서 너무 좋았어 요다음에 또 오고 싶어요,2020. 06. 14
748,글래드 라이브 강남,5,"4성호텔 중에 제일 만족한 호텔입니다
너무 너무 좋았어요:)
방도 넓고 하만카돈 블루투스 스피커도 잘 썼어요ㅎㅎ
어메니티는 밑에 내려가서 받아야합니다
그 외에는 창문도 열려서 답답하지 않고 다 좋았어요ㅎㅎ더보기",성호텔 중에 제일 만족한 호텔입니다 너무너무 좋았어요 방도 넓고 하만카돈 블루투스 스피커도 잘 썼어요 어메니티는 밑에 내려가서 받아야 합니다 그 외에는 창문도 열려서 답답하지 않고 다 좋았어요 ,2020. 06. 12
749,글래드 라이브 강남,5,"침구도 푹신하고 욕실에 물때도 없네요
호텔에 체중계!! 첨 봤어요 ㅋㅋ
칫솔 , 치약, 간단한 세안용품, 충전기등은 챙겨서 오세요",침구도 푹신하고 욕실에 물때도 없네요 호텔에 체중계 첨 봤어요 칫솔  치약 간단한 세안용품 충전기 등은 챙겨서 오세요,2020. 05. 09
750,글래드 라이브 강남,5,"깨끗하고조용하고.편의점식당다근처에있고.
주차도잘해주시고너무친절하시더라구요.너무좋았어요",깨끗하고 조용하고 편의점 식당 다 근처에 있고 주차도 잘해주시고 너무 친절하시더라고요 너무 좋았어요,2020. 05. 08
751,글래드 라이브 강남,5,깔끔하고 침구류도 좋고 위치도 좋고 너무 잘 놀다 갑니다~,깔끔하고 침구류도 좋고 위치도 좋고 너무 잘 놀다 갑니다,2020. 05. 02
752,글래드 라이브 강남,5,인테리어 굿   깔끔하고조용하네요,인테리어 굿   깔끔하고 조용하네요,2020. 04. 30
753,글래드 라이브 강남,5,강남역이랑 먼거 빼고는 다 좋습니당 ㅎㅎ 근데 이시국에 클럽 운영하시나봐요......,강남역이랑 먼 거 빼고는 다 좋습니다  근데 이 시국에 클럽 운영하시나 봐요,2020. 04. 19
754,글래드 라이브 강남,5,침대 엄청 푹신해서 꿀잠잤어요 또갈거예요,침대 엄청 푹신해서 꿀잠 잤어요 또 갈 거예요,2020. 04. 19
755,글래드 라이브 강남,5,밤에 조금 추웠던거 말고는 정말 만족스럽습니다. 또 방문하고 싶어요!,밤에 조금 추웠던 거 말고는 정말 만족스럽습니다 또 방문하고 싶어요,2020. 04. 15
756,글래드 라이브 강남,5,모두 다 완벽하였습니다 다음에 또 오려고요,모두 다 완벽하였습니다 다음에 또 오려고요,2020. 03. 29
757,글래드 라이브 강남,5,너무 좋아요 매번 가고싶어요,너무 좋아요 매번 가고 싶어요,2020. 03. 24
758,글래드 라이브 강남,5,좋은 컨디션 저렴함 가격  가성비 최고,좋은 컨디션 저렴함 가격   구성비  최고,2020. 03. 23
759,글래드 라이브 강남,5,스피커도 좋고 바로옆에 편의점도 있고 이 가격에 충분히 만족스러워요 ㅎㅎ,스피커도 좋고 바로 옆에 편의점도 있고 이 가격에 충분히 만족스러워요 ,2020. 03. 22
760,글래드 라이브 강남,5,"수압이 좀 약해요.. 씻는데 한세월
글고 빗이없던데 제가못찾은건지 없는건지 ㅎ
방자체는 좋았어요 특히 충전기위치가좋아서 침대서 누워서 폰가능
침구도 좋았구요 ㅎㅎ",수압이 좀 약해요 씻는데 한 세월 그리고 빗이 없던데 제가 못 찾은 건지 없는 건지 빵 자체는 좋았어요 특히 충전기 위치가 좋아서 침대서 누워서 폰 가능 침구도 좋았고요,2020. 03. 01
761,글래드 라이브 강남,5,침대가 푹신하고 전망이 좋았어요 침대에 얼룩이 살짝 있는거 빼고는 다 굳!!,침대가 푹신하고 전망이 좋았어요 침대에 얼룩이 살짝 있는 거 빼고는 다 굳,2020. 02. 18
762,글래드 라이브 강남,5,여기아닌 다른호텔은 못가겠어요,여기 아닌 다른 호텔은 못 가겠어요,2020. 02. 06
763,글래드 라이브 강남,5,강남 부근에서 가성비 가장 좋은 호텔이라 매번 이용하고 있습니다,강남 부근에서  구성비  가장 좋은 호텔이라 매번 이용하고 있습니다,2020. 01. 22
764,글래드 라이브 강남,5,굉장히 친절하시고 글래드 침구 좋기로 유명해서 많이 기대했는데 최상급의 편안함은 아니였지만 평균이상이었습니다 다음에도 또 방문할게요~,굉장히 친절하시고 글래드 침구 좋기로 유명해서 많이 기대했는데 최상급의 편안함은 아니었지만 평균 이상이었습니다 다음에도 또 방문할게요,2020. 01. 15
765,글래드 라이브 강남,5,"위치도 괜찮고, 직원분도 친절하시고 좋았습니다. 방도 깔끔하고 크기도 좋았고요, 다음에 또 이용하겠습니다",위치도 괜찮고 직원분도 친절하시고 좋았습니다 방도 깔끔하고 크기도 좋았고요 다음에 또 이용하겠습니다,2020. 01. 15
766,글래드 라이브 강남,5,다 좋았어요 무엇보다 친절한 서비스에 감동입니다,다 좋았어요 무엇보다 친절한 서비스에 감동입니다,2020. 01. 08
767,글래드 라이브 강남,5,완전최고 서비스도 인테리어도 넘예쁘고 좋아요,완전 최고 서비스도 인테리어도 너무 예쁘고 좋아요,2019. 12. 26
768,글래드 라이브 강남,5,칫솔없는게 아쉬웠지만 침구도좋고 만족했습니다,칫솔 없는 게 아쉬웠지만 침구도 좋고 만족했습니다,2019. 12. 22
769,글래드 라이브 강남,5,"글래드는 정말 자주 가요!!
모든 면에서 항상 만족스러워요:)
요즘에 예약잡기가 너무 힘드네요ㅠㅠ",글래드는 정말 자주 가요 모든 면에서 항상 만족스러워요 요즘에 예약 잡기가 너무 힘드네요,2019. 11. 25
770,글래드 라이브 강남,5,매우 훌륭합니다 깨끗하고 아늑해요 동 가격내 아마 제일 좋았던거같아요,매우 훌륭합니다 깨끗하고 아늑해요 동 가격 내 아마 제일 좋았던 거 같아요,2019. 11. 20
771,글래드 라이브 강남,5,"강남 한복판에 이 가격에 호텔 이용할 수 있다니 좋았음. 

그러나 욕실 바닥이 대리석이라 약간 미끄러워서 위험한 점이랑 욕실에 욕조 없는게 함정",강남 한복판에 이 가격에 호텔 이용할 수 있다니 좋았음 그러나 욕실 바닥이 대리석이라 약간 미끄러워서 위험한 점이랑 욕실에 욕조 없는 게 함정,2019. 11. 19
772,글래드 라이브 강남,5,다 좋은데 문 닫히는 소리가 너무 커요 ㅠㅠ,다 좋은데 문 닫히는 소리가 너무 커요 ,2019. 10. 09
773,글래드 라이브 강남,5,"언주역에서 도보5분이라 진짜가깝고 좋았구요.
저는 트윈룸썼는데  통유리창이라서 뷰가진짜좋았어요.
되게 군더더기없고 활용도좋은 방구성으로 편리했습니다.
다만, 어메니티 양이 적고, 수건도 좀 적었던거같아요.
그래서 프론트 전화했는데 계속연결이 안되서 그건 좀 아쉬웠던거같아요.
글구 객실컨디션은 좋은편이었지만...
샤워실 물이 뜨거운물이 잘안나와서 추웠어요ㅜ
그거빼곤 좋았어요.더보기",언 주역에서 도보분이라 진짜 가깝고 좋았고요 저는 트윈룸 썼는데  통유리창이라서 경치가 진짜 좋았어요 되게 군더더기 없고 활용도 좋은 방귀 성으로 편리했습니다 다만 어메니티 양이 적고 수건도 좀 적었던 거 같아요 그래서 프런트 전화했는데 계속 연결이 안 돼서 그건 좀 아쉬웠던 거 같아요 그리고 객실 컨디션은 좋은 편이었지만 샤워실 물이 뜨거운 물이 잘 안 나와서 추웠어요 그거 빼곤 좋았어요 ,2019. 09. 11
774,글래드 라이브 강남,5,에어컨이 좀 약하긴 하지만 좋았어요~,에어컨이 좀 약하긴 하지만 좋았어요,2019. 08. 16
775,글래드 라이브 강남,5,안내 설명도 너무 친절하시고 깨끗하고 너무 좋았어요 ㅠㅠ,안내 설명도 너무 친절하시고 깨끗하고 너무 좋았어요 ,2019. 08. 12
776,글래드 라이브 강남,5,전다좋앗어요 ㅎㅎㅎ시끄럽다는대 꿀잠잣고 와인오프너가없어 콜햇더니 바로갖다주셧어요 쨩b,전다 좋았어요 시끄럽다는데 꿀 잠잤고 와인 오프너가 없어 콜 했더니 바로 갖다 주셨어요 짱,2019. 07. 07
777,글래드 라이브 강남,5,역시나 좋아요 온도조절도 잘되고 침대 푹신~,역시나 좋아요 온도조절도 잘되고 침대 푹신,2019. 05. 25
778,글래드 라이브 강남,5,항상 깔끔하고 좋아요 블루투스도잘되용,항상 깔끔하고 좋아요 블루투스도 잘 돼요,2019. 05. 14
779,글래드 라이브 강남,5,"와 가성비 짱
완전 만족스럽습니다!!
깨끗하고 위치좋고 가격합리적이고 
뭐하나 나무랄게없네요^^
재방문의사 200펍니다!!!!
강추요!!!더보기",와  구성비  짱은 전 만족스럽습니다 깨끗하고 위치 좋고 가격 합리적이고 뭐하나 나무랄 게 없네요 재방문의 사 펍니다강추요더보기,2019. 05. 10
780,글래드 라이브 강남,5,욕실이 없는게 아쉬웠는데 전체적으로 깔끔하고 좋았습니다.  침구가 너무 편해서 정말 푹 잤어요 조식도 맛있었는데 런치뷔페가 없어진게 아쉬웠습니다 ㅠㅡㅠ 담에는 욕실있는데로 이용하려구요 교통편은 지하철역이랑 가까워서 좋았고 신논현역 근처에서 놀고 걸어가기에도 적당했습니다,욕실이 없는 게 아쉬웠는데 전체적으로 깔끔하고 좋았습니다  침구가 너무 편해서 정말 푹 잤어요 조식도 맛있었는데 런치 뷔페가 없어진 게 아쉬웠습니다  담에는 욕실 있는 데로 이용하려고요 교통 편은 지하철역이랑 가까워서 좋았고 신논현역 근처에서 놀고 걸어가기에도 적당했습니다,2019. 02. 23
781,글래드 라이브 강남,5,정말 행보과개 잘 앗었오요 다음에 반듯이 다시 방문하고싶어졌어요!,정말 행복과 개 잘 앗었어요 다음에 반듯이 다시 방문하고 싶어졌어요,2019. 01. 29
782,글래드 라이브 강남,5,객실너무깨끗하고 예쁘고 침구는 푹신하고 정말 최고였어요! 다만 조식은 생각보다 별로니까(가격이 싸니까요) 안드시는 걸 추천해요..^^;,객실 너무 깨끗하고 예쁘고 침구는 푹신하고 정말 최고였어요 다만 조식은 생각보다 별로니까 가격이 싸니까요 안 드시는 걸 추천해요,2019. 01. 26
783,글래드 라이브 강남,5,침대가 푹신하고 아주 좋았습니다.,침대가 푹신하고 아주 좋았습니다,2019. 01. 12
784,글래드 라이브 강남,5,정말 좋았어요 침대도 푹신하고 힐링 하다가 갑니다,정말 좋았어요 침대도 푹신하고 힐링 하다가 갑니다,2019. 01. 03
785,글래드 라이브 강남,5,꽤 괜찮았는데 생각보다 프론트가 정돈된 느낌은 아니었습니다. 룸은 넓고 깨끗합니다. 침대도 좋습니다.,꽤 괜찮았는데 생각보다 프런트가 정돈된 느낌은 아니었습니다 룸은 넓고 깨끗합니다 침대도 좋습니다,2018. 11. 09
786,글래드 라이브 강남,5,깨끗하고 방도 넓고 너무 좋네요,깨끗하고 방도 넓고 너무 좋네요,2018. 09. 02
787,글래드 라이브 강남,5,최근 두 번 이용했는데 모두 괜찮았어요. 같은 가격대 호텔 중에서는 제일 만족도 높았습니다.  룸컨디션도 좋구요.,최근 두 번 이용했는데 모두 괜찮았어요 같은 가격대 호텔 중에서는 제일 만족도 높았습니다  룸 컨디션도 좋고요,2018. 08. 24
788,글래드 라이브 강남,5,"객실도 깔끔하고 직원분들도 너무 친절하십니다.
호텔 옆에  편의점도 있어 편리하구요~^^",객실도 깔끔하고 직원분들도 너무 친절하십니다 호텔 옆에  편의점도 있어 편리하고요,2018. 07. 04
789,글래드 라이브 강남,5,"항상 깨끗하고 좋아요

체크인할때 직원분도 친절하시고 좋았어요",항상 깨끗하고 좋아요 체크인할 때 직원분도 친절하시고 좋았어요,2018. 06. 28
790,글래드 라이브 강남,5,깨끗하고 조용하고 좋았어요~ 칫솔치약을 구매해야한다는거 빼고는 나머지는 다 맘에 들었어요,깨끗하고 조용하고 좋았어요 칫솔치약을 구매해야 한다는 거 빼고는 나머지는 다 맘에 들었어요,2018. 04. 28
791,글래드 라이브 강남,5,서울에서 제일 좋은 곳!! 너무좋아요ㅠㅠ,서울에서 제일 좋은 곳 너무 좋아요,2018. 04. 23
792,글래드 라이브 강남,5,"위치도 좋고 방도 너무 깔끔하고 좋았어요!
특히 침구류 진짜 너무 푹신하고 좋아서 기절하듯이 잤네요!! 담에 또 방문하고 싶어요!",위치도 좋고 방도 너무 깔끔하고 좋았어요 특히 침구류 진짜 너무 푹신하고 좋아서 기절하듯이 잤네요 담에 또 방문하고 싶어요,2018. 04. 22
793,글래드 라이브 강남,5,글래드라이브는 언제나 굿입니다^-^ 다음에 또 방문의사 100%예욤,글래드 라이브는 언제나 굿입니다 다음에 또 방문의 사 예요,2018. 03. 19
794,글래드 라이브 강남,5,"일단 친절하셔서 좋구요ㅎ
한시간 레이트 체크아웃 도와주셨어요 
잘 쉬다가요 ^^",일단 친절하셔서 좋고 요한 시간 레이트 체크아웃 도와주셨어요 잘 쉬다가요 ,2018. 02. 18
795,글래드 라이브 강남,5,"언주역과 가깝고 숙소깨끗하고 비품이아쉽
잘쉬다갑니다",언 주역과 가깝고 숙소 깨끗하고 비품이아쉽잘쉬다갑니다,2018. 01. 27
796,글래드 라이브 강남,5,깨끗하고 좋았습니다 ㅎㅎ 지하철역도 가까웠어요!,깨끗하고 좋았습니다  지하철역도 가까웠어요,2018. 01. 04
797,글래드 라이브 강남,5,16층은 조용하더라고요 15층이상 예약하기를,층은 조용하더라고요 층 지상 예약하기를,2017. 11. 26
798,글래드 라이브 강남,5,주말엔 쪼끔시끄러운데 만족해여 교통두편리하고 깔끔하고 직원들 왕친절^^,주말엔 쪼끔 시끄러운데 만족해요 교통 두 편리하고 깔끔하고 직원들 왕 친절,2017. 10. 27
799,호텔티롤,5,연식은 좀 있어보였는데 괜찮았어요,연식은 좀 있어 보였는데 괜찮았어요,2021. 07. 04
800,호텔티롤,5,교통 좋은 곳에 위치하고 조용한 주위 환경이 출장시 휴식에 매우 훌륭했습니다.,교통 좋은 곳에 위치하고 조용한 주위 환경이 출장 시 휴식에 매우 훌륭했습니다,2021. 06. 24
801,호텔티롤,5,하루 쉴 곳 찾아서 가봤는데 매우 만족했습니다,하루 쉴 곳 찾아서 가봤는데 매우 만족했습니다,2021. 05. 10
802,호텔티롤,5,편의성도 좋고  친절하고 좋아요,편의성도 좋고  친절하고 좋아요,2019. 08. 31
803,호텔티롤,5,좋아요 이불이랑 베게에 검은먼지가좀,좋아요 이불이랑 베개에 검은 먼지가 좀,2019. 01. 18
804,롯데호텔 월드,5,"시설은 오래되어서 낡았지만 관리가 잘되있어 깨끗하고 직원들 친절하네요. 인접성도 좋고 주변 쇼핑,놀거리도 많아서 좋아요.",시설은 오래되어서 낡았지만 관리가 잘 돼있어 깨끗하고 직원들 친절하네요 인접성도 좋고 주변 쇼핑 놀 거리도 많아서 좋아요,2020. 12. 21
805,롯데호텔 월드,5,매번 가는곳이지만 항상 좋네용,매번 가는 곳이지만 항상 좋네요,2020. 05. 31
806,롯데호텔 월드,5,"로비에딱들어갓을때 진짜놀랫어요 너무세련되서 햐.. .5성급은 다르구나햇는데 막상객실은 좀 오래된 느낌이나긴하더라구요 세면대 특이혀...ㅋ 
그래도 이가격에잘쉬다왓어요ㅎ 사우나랑 수영장도1회 갈수잇어서 여독도풀겸다녀왓어요
직원분들 핵친절",로비에 딱 들어갔을 때 진짜 놀랬어요 너무 세련돼서 햐 성급은 다르구나 했는데 막상 객실은 좀 오래된 느낌이 나긴 하더라고요 세면대 특이 혀 그래도 이 가격에 잘 쉬다 왔어요 사우나랑 수영장도 회 갈 수 있어서 여독도 풀 겸 다녀왔어요 직원분들 핵친절,2020. 01. 29
807,롯데호텔 월드,5,아이들과 롯데호텔에 쉬면서 주변에 롯데월드와 키자니아 그리고 서울스카이에 편하게 다녀올수있어서 너무 좋았어요! 다음 방학때 또 이용할께요^^,아이들과 롯데호텔에 쉬면서 주변에 롯데월드와 키자니아 그리고 서울스카이에 편하게 다녀올 수 있어서 너무 좋았어요 다음 방학 때 또 이용할게요,2020. 01. 16
808,롯데호텔 월드,5,믿고 예약했더니 그대로였네요~^^,믿고 예약했더니 그대로였네요,2019. 12. 26
809,롯데호텔 월드,5,롯데월드 가려고 예약했었는데 역시 5성급은 역시나입니다,롯데월드 가려고 예약했었는데 역시 성급은 역시나입니다,2019. 11. 17
810,롯데호텔 월드,5,"롯데월드랑 함께 이용했습니다
정말 좋았어요",롯데월드랑 함께 이용했습니다 정말 좋았어요,2018. 12. 09
811,롯데호텔 월드,5,조아요 시설도 좋구 깔끔해요,좋아요 시설도 좋고 깔끔해요,2018. 12. 09
812,롯데호텔 월드,5,"패키지 상품으로  재미도 즐기고, 호텔도 편히 쉬었어요.",패키지 상품으로  재미도 즐기고 호텔도 편히 쉬었어요,2018. 11. 28
813,롯데호텔 월드,5,굿 좋아요 가성비최고 패키지,굿 좋아요  구성비  최고 패키지,2018. 08. 19
