,hotels,noun_extraction
0,더 베스트 제주 성산(구 라마다 앙코르 성산),"[('깨끗', 54), ('경치', 48), ('친절', 46), ('깔끔', 39), ('괜찮', 39), ('직원', 36), ('위치', 33), ('객실', 33), ('시설', 33), ('수영장', 30), ('편의점', 27), ('만족', 24), ('조식', 24), ('저렴', 23), ('구성비', 23), ('주차장', 22), ('주차', 22), ('가격', 22), ('루프', 20), ('방음', 18), ('청결', 17), ('불편', 17), ('예약', 16), ('프런트', 16), ('침대', 16), ('근처', 16), ('화장실', 15), ('욕실', 14), ('서비스', 13), ('주변', 13), ('업그레이드', 13), ('소리', 12), ('청소', 12), ('편하', 12), ('냄새', 10), ('공간', 10), ('아기', 10), ('컨디션', 9), ('맛있', 9), ('협소', 9), ('추천', 9), ('카펫', 9), ('아쉽', 9), ('가깝', 9), ('맥주', 9), ('식당', 8), ('바닥', 8), ('슬리퍼', 8), ('야외', 8), ('칫솔', 8)]"
1,더 포 그레이스 리조트,"[('수영장', 71), ('친절', 33), ('직원', 29), ('깨끗', 29), ('리조트', 28), ('괜찮', 28), ('구성비', 27), ('객실', 26), ('편의점', 23), ('아이', 23), ('시설', 23), ('가족', 22), ('침대', 22), ('가격', 20), ('저렴', 20), ('불편', 18), ('만족', 15), ('경치', 15), ('조식', 13), ('예약', 13), ('깔끔', 13), ('청소', 13), ('위치', 12), ('청결', 12), ('화장실', 11), ('냄새', 10), ('소리', 10), ('편하', 10), ('서비스', 10), ('수건', 9), ('방음', 9), ('에어컨', 8), ('후기', 8), ('영장', 8), ('주변', 8), ('온수', 8), ('가깝', 7), ('체크인', 7), ('주방', 7), ('추천', 7), ('요수', 7), ('아기', 7), ('관리', 7), ('욕실', 7), ('바다', 7), ('감사', 7), ('맛있', 6), ('컨디션', 6), ('프런트', 6), ('수풀', 6)]"
2,더큐브 리조트 제주,"[('시설', 47), ('깨끗', 39), ('구성비', 39), ('친절', 32), ('청소', 24), ('만족', 24), ('객실', 22), ('깔끔', 20), ('주변', 19), ('침대', 19), ('직원', 19), ('위치', 18), ('조용', 18), ('경치', 18), ('편의점', 17), ('화장실', 16), ('불편', 15), ('리조트', 14), ('가격', 13), ('청결', 12), ('접근성', 12), ('추천', 12), ('괜찮', 10), ('편의', 10), ('주차', 9), ('편하', 9), ('공간', 9), ('먼지', 8), ('가족', 8), ('부족', 8), ('숙박', 8), ('아쉽', 8), ('상태', 7), ('머리카락', 7), ('단점', 7), ('거리', 7), ('체크인', 6), ('마음', 6), ('시장', 6), ('이동', 6), ('내부', 6), ('예약', 6), ('컨디션', 6), ('쾌적', 5), ('근처', 5), ('정리', 5), ('바다', 5), ('시내', 5), ('건물', 5), ('업그레이드', 5)]"
3,라마다 제주시티 호텔,"[('깨끗', 78), ('깔끔', 63), ('공항', 51), ('친절', 49), ('침대', 48), ('위치', 45), ('시설', 40), ('주차', 39), ('직원', 36), ('구성비', 29), ('가격', 28), ('불편', 27), ('근처', 27), ('객실', 27), ('괜찮', 25), ('만족', 24), ('편의점', 24), ('주차장', 24), ('시내', 22), ('조식', 19), ('먼지', 18), ('컨디션', 18), ('경치', 17), ('저렴', 17), ('청소', 17), ('냄새', 16), ('서비스', 16), ('방음', 15), ('청결', 15), ('가깝', 14), ('버스', 14), ('예약', 13), ('편리', 12), ('접근성', 12), ('편하', 12), ('칫솔', 12), ('화장실', 11), ('교통', 11), ('시청', 10), ('소리', 9), ('편했', 9), ('공간', 9), ('시장', 9), ('나쁘', 8), ('이상', 8), ('아쉽', 8), ('편안', 8), ('쾌적', 8), ('에어컨', 8), ('추천', 8)]"
4,랜딩관 제주신화월드 호텔앤리조트,"[('시설', 71), ('친절', 62), ('깨끗', 53), ('깔끔', 37), ('객실', 37), ('직원', 37), ('만족', 26), ('서비스', 25), ('편의', 18), ('구성비', 18), ('괜찮', 17), ('조식', 16), ('청결', 16), ('워터', 16), ('파크', 16), ('거리', 16), ('침대', 16), ('수영장', 15), ('식당', 15), ('가격', 13), ('랜딩', 13), ('주변', 12), ('불편', 12), ('청소', 12), ('냄새', 12), ('위치', 12), ('저렴', 11), ('추천', 11), ('상태', 11), ('예약', 11), ('편하', 11), ('컨디션', 11), ('성급', 11), ('부대시설', 11), ('맛있', 10), ('리조트', 10), ('특히', 10), ('숙박', 10), ('방음', 9), ('화장실', 9), ('아쉽', 8), ('체크인', 8), ('가족', 7), ('프런트', 7), ('샤워', 7), ('아이', 6), ('내부', 6), ('감사', 6), ('소리', 6), ('쾌적', 6)]"
5,롯데 시티호텔 제주,"[('친절', 81), ('수영장', 68), ('공항', 65), ('깨끗', 50), ('직원', 50), ('경치', 48), ('만족', 37), ('깔끔', 36), ('객실', 35), ('조식', 29), ('시설', 26), ('위치', 22), ('업그레이드', 20), ('청결', 20), ('편하', 16), ('침대', 16), ('가깝', 16), ('맛있', 16), ('서비스', 15), ('근처', 15), ('불편', 14), ('침구', 13), ('시티', 12), ('예약', 12), ('비행기', 11), ('시내', 11), ('괜찮', 11), ('체크인', 11), ('프런트', 10), ('구성비', 9), ('감사', 9), ('편안', 9), ('컨디션', 9), ('체크아웃', 8), ('바다', 8), ('편했', 8), ('주차장', 7), ('따뜻', 7), ('접근성', 6), ('편리', 6), ('가격', 6), ('풀장', 6), ('응대', 6), ('교통', 6), ('수풀', 6), ('필요', 5), ('의사', 5), ('무료', 5), ('완벽', 5), ('베개', 5)]"
6,베스트웨스턴 제주,"[('공항', 65), ('위치', 62), ('깨끗', 46), ('객실', 42), ('친절', 41), ('시설', 38), ('깔끔', 36), ('직원', 30), ('스타', 29), ('구성비', 28), ('괜찮', 26), ('가깝', 25), ('편의점', 23), ('예약', 21), ('화장실', 21), ('접근성', 21), ('근처', 21), ('청소', 20), ('시내', 19), ('주차', 19), ('불편', 18), ('업그레이드', 17), ('주차장', 15), ('청결', 15), ('조식', 15), ('숙박', 15), ('침대', 15), ('교통', 14), ('편하', 14), ('만족', 13), ('경치', 12), ('편리', 12), ('세면대', 11), ('샤워', 11), ('주변', 11), ('침구', 11), ('서비스', 10), ('먼지', 10), ('칫솔', 10), ('바닥', 10), ('소음', 9), ('쾌적', 8), ('버스', 8), ('치약', 8), ('방음', 8), ('냄새', 8), ('편의', 7), ('추천', 7), ('무난', 7), ('에어컨', 7)]"
7,봄그리고가을 호텔&리조트,"[('경치', 258), ('바다', 134), ('친절', 109), ('깨끗', 105), ('시설', 103), ('깔끔', 101), ('편의점', 92), ('수영장', 89), ('구성비', 85), ('객실', 80), ('직원', 73), ('만족', 61), ('괜찮', 53), ('위치', 53), ('리조트', 49), ('가격', 45), ('불편', 44), ('가족', 43), ('예약', 43), ('수건', 37), ('근처', 34), ('사진', 34), ('소리', 33), ('청소', 33), ('편하', 31), ('침대', 28), ('방음', 27), ('화장실', 27), ('냄새', 27), ('청결', 25), ('아이', 25), ('주변', 24), ('저렴', 24), ('일출', 23), ('에어컨', 22), ('편의', 22), ('추천', 22), ('소음', 21), ('프런트', 20), ('숙박', 19), ('상태', 19), ('편했', 19), ('주차장', 19), ('사람', 19), ('조식', 18), ('치킨', 17), ('부모', 17), ('노후', 17), ('바비큐', 16), ('맛있', 16)]"
8,브라운 스위트 제주,"[('경치', 83), ('시설', 42), ('예약', 41), ('깨끗', 41), ('구성비', 41), ('친절', 38), ('위치', 34), ('괜찮', 33), ('직원', 32), ('객실', 32), ('깔끔', 32), ('주차', 31), ('화장실', 28), ('주차장', 28), ('불편', 27), ('침대', 27), ('청결', 27), ('편의점', 27), ('만족', 23), ('청소', 23), ('수건', 20), ('샤워', 18), ('주변', 18), ('근처', 17), ('가격', 16), ('조명', 15), ('나쁘', 14), ('추천', 14), ('먼지', 14), ('사진', 13), ('에어컨', 13), ('아쉽', 13), ('냄새', 13), ('저렴', 13), ('창문', 12), ('모텔', 12), ('공간', 12), ('지하', 12), ('침구', 12), ('욕실', 12), ('콘센트', 11), ('칫솔', 10), ('편하', 10), ('가족', 10), ('부모', 10), ('프런트', 10), ('부족', 10), ('수압', 9), ('컨디션', 9), ('최악', 9)]"
9,블루하와이호텔,"[('구성비', 46), ('친절', 30), ('경치', 29), ('수영장', 28), ('괜찮', 22), ('깨끗', 22), ('직원', 20), ('조식', 20), ('깔끔', 18), ('소리', 17), ('가격', 17), ('리조트', 16), ('만족', 15), ('위치', 14), ('시설', 14), ('객실', 13), ('편의점', 13), ('해수욕장', 12), ('침대', 12), ('방음', 11), ('접근성', 9), ('바다', 9), ('청소', 8), ('청결', 8), ('화장실', 8), ('불편', 8), ('나쁘', 8), ('산책', 8), ('버스', 7), ('정류장', 7), ('매점', 7), ('저렴', 7), ('프런트', 6), ('가족', 6), ('예약', 6), ('주차', 6), ('편하', 6), ('체크인', 6), ('체크', 5), ('에어컨', 5), ('새벽', 5), ('부족', 5), ('가까운', 5), ('주변', 5), ('수압', 5), ('도로', 5), ('산책로', 5), ('따뜻', 5), ('조용', 5), ('칫솔', 5)]"
10,서귀포 라마다 앙코르 호텔,"[('구성비', 32), ('괜찮', 32), ('친절', 27), ('가격', 27), ('깨끗', 26), ('저렴', 20), ('객실', 20), ('조식', 19), ('불편', 18), ('깔끔', 17), ('편의점', 17), ('직원', 15), ('화장실', 14), ('예약', 14), ('침대', 12), ('청소', 12), ('청결', 11), ('만족', 11), ('주차장', 11), ('경치', 10), ('시설', 10), ('서비스', 10), ('프런트', 9), ('체크인', 9), ('편하', 9), ('위치', 9), ('수건', 9), ('샤워', 9), ('주차', 8), ('냄새', 7), ('테이블', 7), ('맛있', 6), ('추천', 6), ('숙박', 6), ('에어컨', 6), ('모텔', 6), ('이상', 5), ('바닥', 5), ('주변', 5), ('방음', 5), ('아쉽', 5), ('업그레이드', 5), ('사진', 5), ('욕실', 5), ('상태', 5), ('공간', 5), ('가족', 5), ('칫솔', 5), ('매번', 4), ('응대', 4)]"
11,스위트 메이 호텔 서귀포,"[('깨끗', 49), ('친절', 39), ('구성비', 33), ('깔끔', 28), ('직원', 26), ('경치', 23), ('만족', 21), ('시설', 21), ('객실', 20), ('침대', 19), ('화장실', 16), ('괜찮', 15), ('주차장', 15), ('위치', 15), ('가격', 12), ('청결', 12), ('근처', 12), ('주차', 10), ('청소', 9), ('편의점', 9), ('방음', 9), ('불편', 9), ('강추', 9), ('주변', 8), ('예약', 8), ('욕조', 8), ('컨디션', 8), ('프런트', 8), ('바닥', 7), ('상태', 7), ('구조', 7), ('소리', 7), ('조식', 7), ('침구', 7), ('일단', 7), ('욕실', 6), ('저렴', 6), ('에어컨', 6), ('공간', 6), ('추천', 6), ('지하', 6), ('서비스', 6), ('따로', 5), ('푹신', 5), ('돼지', 5), ('조용', 5), ('맛있', 5), ('편안', 5), ('출장', 5), ('헬스', 4)]"
12,신신호텔 제주 천지연,"[('친절', 43), ('직원', 40), ('주차', 38), ('깨끗', 36), ('깔끔', 30), ('구성비', 29), ('가격', 26), ('주차장', 26), ('만족', 23), ('시장', 20), ('객실', 20), ('시설', 17), ('괜찮', 16), ('불편', 15), ('저렴', 15), ('조식', 13), ('예약', 12), ('위치', 12), ('경치', 10), ('타워', 10), ('냄새', 9), ('에어컨', 9), ('프런트', 8), ('주변', 8), ('청소', 7), ('관리', 7), ('침대', 7), ('공간', 7), ('창문', 7), ('서비스', 7), ('연방', 7), ('맛있', 7), ('수건', 6), ('상태', 6), ('화장실', 6), ('사람', 6), ('청결', 6), ('교통', 6), ('편하', 6), ('감사', 6), ('지하', 6), ('편리', 6), ('건물', 6), ('근처', 5), ('소리', 5), ('아쉽', 5), ('특히', 5), ('모기', 5), ('중앙', 5), ('가깝', 5)]"
13,신화관 제주 신화월드 호텔앤리조트,"[('친절', 83), ('직원', 66), ('수영장', 47), ('시설', 45), ('깨끗', 37), ('워터', 36), ('파크', 33), ('조식', 25), ('만족', 23), ('청결', 22), ('깔끔', 21), ('객실', 21), ('사람', 19), ('서비스', 19), ('거리', 18), ('리조트', 18), ('구성비', 18), ('아이', 16), ('맛있', 16), ('방음', 16), ('체크인', 15), ('편의', 15), ('예약', 15), ('불편', 14), ('컨디션', 13), ('괜찮', 12), ('실내', 12), ('가격', 11), ('업그레이드', 11), ('침대', 10), ('가족', 10), ('식당', 10), ('재밌', 9), ('위치', 9), ('아쉽', 9), ('소리', 9), ('주차장', 8), ('아쉬웠', 8), ('음식', 8), ('주차', 8), ('아기', 8), ('사진', 8), ('의사', 8), ('청소', 8), ('스카', 7), ('이풀', 7), ('경치', 7), ('마음', 7), ('내부', 7), ('일단', 7)]"
14,아트스테이 서귀포 하버,"[('깨끗', 240), ('깔끔', 214), ('경치', 204), ('시장', 203), ('친절', 186), ('위치', 184), ('구성비', 156), ('괜찮', 143), ('주차', 139), ('객실', 135), ('만족', 134), ('조식', 130), ('시설', 124), ('직원', 121), ('가격', 109), ('주차장', 108), ('불편', 99), ('거리', 93), ('가깝', 85), ('근처', 72), ('저렴', 72), ('맛있', 71), ('청결', 71), ('바다', 69), ('화장실', 65), ('침대', 64), ('주변', 63), ('예약', 57), ('편의점', 56), ('청소', 50), ('컨디션', 47), ('접근성', 46), ('프런트', 44), ('서비스', 44), ('편하', 42), ('소리', 42), ('공간', 41), ('수건', 38), ('냄새', 37), ('에어컨', 37), ('칫솔', 35), ('상태', 31), ('추천', 31), ('사진', 31), ('치약', 30), ('바닥', 27), ('카펫', 25), ('테이블', 24), ('부족', 24), ('아쉽', 24)]"
15,에벤에셀 제주 함덕호텔,"[('경치', 114), ('위치', 57), ('해수욕장', 37), ('바다', 33), ('친절', 32), ('깨끗', 28), ('괜찮', 27), ('침대', 27), ('불편', 25), ('깔끔', 24), ('직원', 23), ('구성비', 23), ('해변', 21), ('객실', 21), ('예약', 18), ('만족', 18), ('청결', 17), ('청소', 17), ('시설', 16), ('주변', 15), ('아트', 15), ('냄새', 14), ('편의점', 14), ('카펫', 14), ('주차', 14), ('근처', 14), ('스테이', 14), ('체크인', 14), ('서비스', 14), ('칫솔', 13), ('주차장', 12), ('바닥', 12), ('바닷가', 12), ('소리', 12), ('화장실', 11), ('가격', 11), ('건물', 11), ('치약', 10), ('에어컨', 10), ('슬리퍼', 10), ('딱딱', 10), ('프런트', 10), ('참고', 9), ('컨디션', 8), ('소음', 8), ('환상', 8), ('접근성', 8), ('편리', 8), ('방음', 8), ('창문', 8)]"
16,윈스토리 호텔 서귀포,"[('깨끗', 64), ('깔끔', 58), ('시장', 49), ('친절', 45), ('구성비', 40), ('직원', 35), ('만족', 32), ('시설', 31), ('세탁기', 26), ('괜찮', 26), ('편의점', 24), ('위치', 22), ('가격', 22), ('객실', 20), ('주변', 19), ('주차', 19), ('조식', 19), ('침대', 19), ('청결', 18), ('주차장', 17), ('가깝', 16), ('불편', 16), ('예약', 14), ('근처', 13), ('공간', 13), ('조용', 13), ('저렴', 13), ('프런트', 12), ('편하', 12), ('냉장고', 11), ('냄새', 11), ('경치', 11), ('전자레인지', 11), ('추천', 11), ('푹신', 10), ('소리', 9), ('거리', 9), ('편리', 9), ('컨디션', 8), ('부족', 8), ('편안', 8), ('무료', 8), ('방음', 8), ('식당', 8), ('침구', 7), ('수건', 7), ('건물', 7), ('감사', 7), ('화장실', 7), ('청소', 7)]"
17,유탑유블레스호텔 제주함덕,"[('경치', 102), ('친절', 55), ('해수욕장', 52), ('위치', 52), ('바다', 48), ('객실', 46), ('깨끗', 40), ('직원', 37), ('깔끔', 35), ('괜찮', 34), ('시설', 33), ('만족', 33), ('조식', 32), ('주변', 27), ('화장실', 22), ('예약', 21), ('주차장', 21), ('청결', 18), ('서비스', 17), ('해변', 17), ('맛있', 14), ('불편', 14), ('방음', 14), ('맥주', 13), ('창문', 13), ('침대', 13), ('구성비', 13), ('쿠폰', 12), ('건물', 12), ('주차', 12), ('카페', 11), ('사람', 11), ('프런트', 11), ('근처', 10), ('먼지', 10), ('시티', 10), ('무료', 10), ('청소', 10), ('소리', 10), ('편하', 9), ('편의점', 9), ('내부', 9), ('식당', 9), ('드링크', 9), ('바닷가', 8), ('가깝', 8), ('체크인', 8), ('가격', 7), ('접근성', 7), ('추천', 7)]"
18,제주 노블피아 호텔,"[('시장', 51), ('깨끗', 37), ('주차', 32), ('친절', 31), ('구성비', 29), ('경치', 29), ('객실', 26), ('직원', 25), ('위치', 25), ('만족', 24), ('주차장', 23), ('깔끔', 23), ('화장실', 20), ('가격', 19), ('시설', 19), ('괜찮', 19), ('편의점', 18), ('가깝', 18), ('접근성', 15), ('청소', 15), ('상태', 15), ('프런트', 14), ('욕조', 14), ('편하', 12), ('저렴', 10), ('거리', 10), ('근처', 10), ('냄새', 10), ('소리', 10), ('업그레이드', 9), ('불편', 9), ('공간', 9), ('청결', 8), ('욕실', 8), ('방음', 8), ('침대', 8), ('바다', 7), ('주변', 7), ('감사', 7), ('예약', 7), ('사진', 7), ('편했', 7), ('피아', 6), ('위층', 6), ('의자', 6), ('단점', 6), ('참고', 6), ('자리', 5), ('공영', 5), ('입실', 5)]"
19,제주 부영호텔&리조트,"[('수영장', 61), ('친절', 58), ('깨끗', 42), ('직원', 38), ('경치', 37), ('만족', 34), ('시설', 28), ('객실', 24), ('구성비', 24), ('리조트', 21), ('깔끔', 20), ('위치', 19), ('서비스', 15), ('청결', 11), ('편하', 10), ('괜찮', 10), ('침대', 10), ('가족', 10), ('조식', 10), ('실내', 9), ('무료', 9), ('성급', 9), ('바다', 8), ('크기', 8), ('내부', 7), ('화장실', 7), ('청소', 7), ('주변', 7), ('수영', 6), ('단지', 6), ('가격', 6), ('테라스', 6), ('미니바', 6), ('산책', 6), ('감사', 6), ('편안', 6), ('야외', 6), ('상태', 6), ('아이', 6), ('사진', 5), ('마음', 5), ('특히', 5), ('아기', 5), ('의사', 5), ('아쉬웠', 5), ('전부', 5), ('부대시설', 5), ('컨디션', 5), ('조용', 5), ('날씨', 5)]"
20,제주 센트럴 시티 호텔,"[('깨끗', 42), ('공항', 40), ('구성비', 35), ('깔끔', 33), ('객실', 32), ('친절', 29), ('위치', 29), ('주차', 28), ('직원', 27), ('불편', 25), ('시설', 24), ('침대', 21), ('괜찮', 20), ('냄새', 19), ('프런트', 18), ('가격', 18), ('청결', 17), ('화장실', 16), ('만족', 16), ('편하', 15), ('저렴', 14), ('주차장', 14), ('욕실', 13), ('샤워', 13), ('청소', 12), ('조식', 12), ('에어컨', 12), ('욕조', 12), ('시내', 12), ('가깝', 12), ('커튼', 11), ('주변', 11), ('접근성', 10), ('근처', 10), ('교통', 10), ('거울', 9), ('예약', 9), ('더블', 9), ('칫솔', 8), ('감사', 8), ('찝찝', 8), ('체크인', 8), ('방음', 8), ('담배', 8), ('필요', 7), ('상태', 7), ('경치', 7), ('편리', 7), ('카펫', 7), ('바닥', 7)]"
21,제주 엠스테이,"[('시장', 31), ('주차', 31), ('친절', 26), ('구성비', 22), ('직원', 21), ('깔끔', 20), ('주차장', 19), ('괜찮', 19), ('경치', 17), ('조식', 17), ('수영장', 17), ('위치', 15), ('깨끗', 14), ('만족', 13), ('불편', 13), ('객실', 13), ('편의점', 13), ('카펫', 10), ('가깝', 10), ('타워', 9), ('저렴', 8), ('편하', 7), ('후기', 7), ('가격', 6), ('화장실', 6), ('맛있', 6), ('예약', 6), ('프런트', 6), ('시설', 6), ('바닥', 6), ('근처', 5), ('숙박', 5), ('청소', 5), ('사람', 5), ('기계식', 5), ('불친절', 5), ('나쁘', 5), ('체크', 4), ('편했', 4), ('샤워', 4), ('샴푸', 4), ('청결', 4), ('체크인', 4), ('가운', 4), ('거리', 4), ('이동', 4), ('에어컨', 4), ('먼지', 4), ('실망', 4), ('상태', 4)]"
22,"제주 헤이, 서귀포","[('깔끔', 74), ('친절', 66), ('깨끗', 63), ('주차장', 62), ('시설', 50), ('조식', 47), ('시장', 46), ('직원', 45), ('위치', 41), ('구성비', 40), ('경치', 38), ('객실', 34), ('괜찮', 32), ('만족', 29), ('주차', 27), ('지하', 27), ('모기', 23), ('수압', 23), ('화장실', 21), ('가격', 20), ('맛있', 19), ('엘리베이터', 18), ('불편', 18), ('청소', 18), ('냄새', 18), ('건물', 17), ('예약', 14), ('근처', 14), ('청결', 14), ('협소', 13), ('침대', 13), ('서비스', 13), ('저렴', 13), ('공간', 12), ('거리', 12), ('감사', 12), ('업그레이드', 12), ('초보', 11), ('편하', 11), ('추천', 11), ('가깝', 11), ('무료', 10), ('로비', 10), ('프런트', 10), ('접근성', 10), ('분위기', 10), ('단점', 10), ('운전', 9), ('포함', 9), ('카페', 9)]"
23,코델리아s 호텔 앤 리조트,"[('구성비', 82), ('가격', 48), ('수영장', 46), ('시설', 46), ('저렴', 45), ('친절', 41), ('괜찮', 39), ('리조트', 39), ('조식', 38), ('만족', 34), ('직원', 33), ('객실', 30), ('불편', 28), ('깨끗', 28), ('침대', 27), ('예약', 27), ('청소', 24), ('깔끔', 24), ('편의점', 24), ('청결', 20), ('냄새', 20), ('경치', 20), ('방음', 19), ('수건', 18), ('상태', 17), ('위치', 17), ('가족', 15), ('소리', 15), ('아이', 15), ('사진', 14), ('사람', 14), ('프런트', 14), ('관리', 12), ('일출', 12), ('서비스', 12), ('거리', 12), ('맛있', 12), ('화장실', 12), ('이불', 11), ('벌레', 11), ('영장', 11), ('나쁘', 11), ('최악', 10), ('먼지', 10), ('근처', 10), ('주변', 10), ('불친절', 10), ('노후', 9), ('바닥', 9), ('제공', 9)]"
24,코업시티호텔 성산,"[('경치', 93), ('친절', 59), ('깨끗', 59), ('위치', 55), ('깔끔', 50), ('시설', 40), ('만족', 39), ('구성비', 35), ('객실', 33), ('화장실', 33), ('직원', 32), ('괜찮', 29), ('조식', 29), ('청결', 24), ('가깝', 24), ('침대', 22), ('편의점', 21), ('바다', 18), ('불편', 18), ('근처', 17), ('편하', 17), ('청소', 17), ('업그레이드', 16), ('상태', 16), ('가격', 16), ('냄새', 15), ('소리', 15), ('거리', 15), ('주차', 14), ('주차장', 14), ('일출', 14), ('사진', 14), ('서비스', 13), ('주변', 13), ('편리', 13), ('저렴', 13), ('맛있', 13), ('방음', 12), ('침구', 12), ('추천', 11), ('먼지', 11), ('로비', 11), ('예약', 10), ('조용', 10), ('감사', 10), ('루프', 9), ('수압', 9), ('내부', 9), ('접근성', 9), ('공간', 8)]"
25,탐라스테이 제주,"[('경치', 60), ('친절', 27), ('깨끗', 26), ('깔끔', 22), ('수영장', 19), ('직원', 19), ('바다', 17), ('불편', 17), ('객실', 17), ('위치', 16), ('시설', 15), ('편의점', 14), ('침대', 14), ('화장실', 13), ('괜찮', 13), ('예약', 12), ('만족', 11), ('상태', 10), ('주변', 10), ('구성비', 10), ('냄새', 10), ('프런트', 10), ('청결', 9), ('칫솔', 8), ('공항', 8), ('에어컨', 8), ('청소', 8), ('불친절', 7), ('컨디션', 7), ('전화', 7), ('부족', 7), ('마음', 6), ('조식', 6), ('치약', 6), ('로비', 6), ('방음', 6), ('매트리스', 6), ('아쉽', 6), ('태풍', 6), ('화재', 5), ('맛있', 5), ('장점', 5), ('고장', 5), ('조용', 5), ('주차', 5), ('가격', 5), ('저렴', 5), ('방송', 5), ('조명', 5), ('전망', 5)]"
26,파크 선샤인 제주,"[('깨끗', 52), ('친절', 43), ('깔끔', 36), ('구성비', 33), ('직원', 31), ('객실', 28), ('침대', 26), ('만족', 22), ('조식', 20), ('시설', 20), ('위치', 19), ('시장', 18), ('맛있', 17), ('괜찮', 15), ('경치', 15), ('조용', 15), ('감사', 14), ('침구', 14), ('컨디션', 12), ('주변', 11), ('화장실', 10), ('의사', 9), ('테라스', 9), ('주차', 9), ('가격', 8), ('주차장', 8), ('예약', 8), ('욕조', 8), ('불편', 8), ('편안', 7), ('특히', 7), ('푹신', 7), ('가깝', 7), ('방음', 7), ('편하', 7), ('서비스', 7), ('침구류', 7), ('아쉽', 7), ('추천', 7), ('근처', 6), ('청결', 6), ('먼지', 6), ('프런트', 6), ('편의점', 6), ('편리', 6), ('거리', 6), ('소리', 6), ('이불', 5), ('훌륭', 5), ('강추', 5)]"
27,팜파스호텔 제주,"[('공항', 73), ('비행기', 69), ('소리', 61), ('친절', 55), ('깔끔', 46), ('깨끗', 40), ('바다', 33), ('직원', 31), ('근처', 30), ('구성비', 23), ('시설', 23), ('괜찮', 21), ('침대', 20), ('화장실', 18), ('예약', 16), ('만족', 15), ('편의점', 15), ('객실', 15), ('가깝', 15), ('위치', 14), ('경치', 14), ('산책', 13), ('소음', 13), ('주변', 11), ('단점', 11), ('가격', 11), ('프런트', 10), ('방음', 10), ('새벽', 10), ('추천', 10), ('접근성', 9), ('스타', 8), ('예민', 8), ('민감', 8), ('신축', 8), ('불편', 7), ('샤워', 7), ('시끄럽', 7), ('편하', 7), ('청결', 6), ('주차장', 6), ('서비스', 6), ('감사', 6), ('주차', 6), ('도착', 5), ('일찍', 5), ('거리', 5), ('컨디션', 5), ('창문', 5), ('샴푸', 5)]"
28,퍼스트70 호텔,"[('위치', 15), ('깨끗', 13), ('시장', 12), ('괜찮', 9), ('구성비', 9), ('친절', 8), ('청결', 7), ('화장실', 6), ('시설', 6), ('편의점', 6), ('먼지', 5), ('주차', 5), ('깔끔', 5), ('예약', 5), ('주차장', 4), ('만족', 4), ('직원', 4), ('근처', 4), ('침구', 4), ('객실', 3), ('에어컨', 3), ('실내', 3), ('로비', 3), ('숙박', 3), ('거리', 3), ('서비스', 3), ('냄새', 3), ('머리', 2), ('작년', 2), ('건물', 2), ('체크인', 2), ('불편', 2), ('피부', 2), ('업그레이드', 2), ('원래', 2), ('청소', 2), ('협소', 2), ('주변', 2), ('가까운', 2), ('편하', 2), ('가깝', 2), ('조용', 2), ('상태', 2), ('아쉽', 2), ('부모', 2), ('정리', 2), ('흡연', 2), ('충전', 2), ('심하', 2), ('사진', 1)]"
29,플레이스 캠프 제주,"[('혼자', 49), ('시설', 34), ('깔끔', 27), ('방음', 23), ('냉장고', 21), ('추천', 20), ('만족', 19), ('티브이', 19), ('구성비', 19), ('침대', 18), ('깨끗', 16), ('위치', 16), ('카페', 15), ('불편', 14), ('분위기', 13), ('경치', 12), ('식당', 12), ('소리', 12), ('주변', 12), ('객실', 12), ('괜찮', 11), ('편하', 11), ('근처', 11), ('거리', 10), ('친절', 10), ('화장실', 10), ('숙박', 10), ('예약', 10), ('편의점', 9), ('다양', 9), ('당황', 9), ('소음', 9), ('직원', 8), ('사람', 8), ('크기', 8), ('청소', 8), ('액티비티', 7), ('맥주', 7), ('공간', 7), ('편의', 7), ('친구', 7), ('맛있', 7), ('되게', 6), ('재밌', 6), ('광장', 6), ('심심', 6), ('상태', 6), ('침구', 6), ('출장', 6), ('귀마개', 6)]"
30,호텔 골든데이지 서귀포 오션,"[('주차', 71), ('시장', 55), ('위치', 52), ('냄새', 35), ('친절', 33), ('깔끔', 33), ('구성비', 32), ('깨끗', 30), ('김밥', 29), ('시설', 25), ('객실', 24), ('주변', 24), ('괜찮', 23), ('주차장', 19), ('가깝', 19), ('직원', 19), ('화장실', 18), ('만족', 18), ('불편', 16), ('청결', 16), ('근처', 16), ('서비스', 15), ('먼지', 15), ('접근성', 13), ('편하', 12), ('바닥', 12), ('경치', 12), ('맛있', 12), ('루프', 12), ('거리', 10), ('예약', 10), ('타워', 10), ('담배', 10), ('가격', 10), ('에어컨', 9), ('편의점', 9), ('프런트', 9), ('수압', 9), ('침대', 9), ('출차', 8), ('저렴', 8), ('관리', 7), ('카펫', 7), ('청소', 7), ('컨디션', 7), ('편안', 7), ('시원', 6), ('체크아웃', 6), ('감사', 6), ('아쉽', 6)]"
31,호텔 리젠트마린,"[('깨끗', 122), ('경치', 107), ('수영장', 96), ('깔끔', 83), ('친절', 76), ('위치', 73), ('공항', 64), ('시설', 60), ('만족', 53), ('객실', 52), ('시장', 52), ('직원', 47), ('근처', 44), ('가깝', 44), ('바다', 39), ('청결', 37), ('주변', 37), ('침대', 37), ('주차', 37), ('괜찮', 35), ('구성비', 32), ('주차장', 25), ('예약', 25), ('접근성', 24), ('화장실', 24), ('가격', 23), ('편하', 23), ('불편', 23), ('침구', 20), ('방음', 20), ('냄새', 19), ('컨디션', 18), ('프런트', 17), ('소리', 15), ('조식', 15), ('청소', 15), ('상태', 15), ('서비스', 14), ('편의', 14), ('아쉽', 13), ('편의점', 13), ('교통', 13), ('쾌적', 12), ('추천', 12), ('사람', 12), ('산책', 12), ('소음', 12), ('이불', 12), ('거리', 11), ('편안', 11)]"
32,호텔 시리우스 제주,"[('수영장', 154), ('공항', 149), ('깨끗', 125), ('친절', 87), ('깔끔', 79), ('시설', 67), ('객실', 66), ('위치', 58), ('직원', 50), ('가깝', 47), ('근처', 45), ('만족', 44), ('괜찮', 42), ('구성비', 42), ('조식', 38), ('방음', 36), ('청결', 31), ('서비스', 30), ('소리', 24), ('경치', 23), ('주차장', 22), ('편의점', 22), ('편하', 22), ('편리', 20), ('청소', 20), ('컨디션', 18), ('실내', 18), ('맛있', 18), ('수영모', 17), ('침대', 16), ('냄새', 16), ('아쉽', 15), ('영장', 15), ('주변', 14), ('가격', 14), ('감사', 14), ('침구', 13), ('조용', 13), ('소음', 12), ('주차', 11), ('가까운', 11), ('예약', 11), ('추천', 11), ('불편', 11), ('쾌적', 11), ('상태', 10), ('옆방', 10), ('아이', 10), ('화장실', 10), ('편안', 10)]"
33,호텔 앨리스 앤 트렁크,"[('친절', 103), ('깨끗', 58), ('직원', 57), ('깔끔', 46), ('침대', 44), ('위치', 41), ('조식', 39), ('공항', 38), ('만족', 34), ('맛있', 34), ('객실', 30), ('시설', 26), ('청결', 24), ('냄새', 22), ('괜찮', 20), ('루프', 19), ('발레', 19), ('푹신', 17), ('주차', 16), ('가깝', 16), ('시내', 16), ('예약', 16), ('구성비', 16), ('접근성', 13), ('불편', 13), ('프런트', 12), ('마트', 12), ('편하', 12), ('서비스', 12), ('침구', 11), ('근처', 11), ('가격', 10), ('사진', 9), ('건물', 9), ('청소', 9), ('화장실', 9), ('저렴', 8), ('완벽', 8), ('후기', 8), ('편했', 8), ('컨디션', 8), ('아쉽', 8), ('주변', 8), ('분위기', 8), ('욕조', 8), ('주차장', 7), ('숙박', 7), ('마음', 7), ('추천', 7), ('상태', 7)]"
34,호텔 에어시티 제주,"[('공항', 57), ('깨끗', 56), ('깔끔', 42), ('친절', 36), ('주차', 35), ('객실', 33), ('구성비', 30), ('시설', 30), ('위치', 28), ('편의점', 26), ('침대', 26), ('직원', 25), ('불편', 25), ('가깝', 21), ('청결', 21), ('만족', 19), ('타워', 19), ('근처', 19), ('괜찮', 17), ('에어컨', 17), ('예약', 16), ('가격', 13), ('주차장', 13), ('시내', 13), ('접근성', 13), ('감사', 12), ('상태', 11), ('교통', 11), ('편리', 10), ('화장실', 10), ('주변', 10), ('조식', 10), ('바닥', 10), ('샴푸', 9), ('편하', 9), ('수건', 9), ('칫솔', 9), ('서비스', 8), ('추천', 8), ('숙박', 8), ('버스', 7), ('편히', 7), ('소리', 7), ('편안', 7), ('샤워', 7), ('제공', 7), ('청소', 7), ('편했', 7), ('냄새', 7), ('시티', 7)]"
35,호텔 컬리넌 제주,"[('친절', 62), ('공항', 59), ('화장실', 35), ('깨끗', 34), ('위치', 34), ('깔끔', 34), ('시설', 33), ('직원', 32), ('괜찮', 27), ('불편', 24), ('욕조', 24), ('객실', 22), ('구성비', 22), ('근처', 20), ('만족', 19), ('냄새', 18), ('모텔', 17), ('조명', 16), ('청소', 16), ('가깝', 16), ('예약', 14), ('사진', 14), ('주변', 13), ('감사', 12), ('편하', 12), ('전화', 11), ('에어컨', 11), ('욕실', 11), ('소리', 11), ('시내', 10), ('교통', 10), ('접근성', 10), ('세면대', 10), ('어둡', 10), ('침대', 10), ('가격', 9), ('방음', 9), ('머리카락', 9), ('프런트', 9), ('편리', 9), ('소음', 8), ('창문', 8), ('주차', 8), ('테라스', 8), ('서비스', 7), ('환기', 7), ('카드', 7), ('수건', 7), ('온도', 7), ('청결', 7)]"
36,호텔 케니 서귀포,"[('시장', 71), ('주차', 41), ('친절', 39), ('위치', 38), ('깨끗', 38), ('구성비', 37), ('깔끔', 31), ('직원', 30), ('객실', 29), ('시설', 28), ('가격', 25), ('혼자', 24), ('불편', 23), ('괜찮', 22), ('침대', 20), ('공간', 19), ('경치', 16), ('근처', 16), ('저렴', 15), ('가깝', 15), ('주차장', 15), ('화장실', 14), ('에어컨', 12), ('거리', 11), ('편하', 11), ('청결', 11), ('접근성', 11), ('모기', 11), ('편의점', 10), ('체크인', 10), ('추천', 10), ('조식', 10), ('주변', 9), ('서비스', 9), ('협소', 8), ('냄새', 7), ('엘리베이터', 7), ('의사', 7), ('치약', 7), ('만족', 7), ('냉장고', 6), ('작동', 6), ('단점', 6), ('맛있', 6), ('후기', 6), ('싱글', 6), ('크기', 6), ('문제', 6), ('도보', 6), ('수건', 6)]"
37,호텔샬롬 제주,"[('깨끗', 83), ('주차장', 82), ('깔끔', 72), ('공항', 52), ('친절', 51), ('위치', 46), ('시설', 42), ('객실', 41), ('구성비', 41), ('직원', 35), ('만족', 35), ('경치', 32), ('가깝', 32), ('괜찮', 30), ('시내', 27), ('접근성', 26), ('근처', 25), ('청소', 24), ('냄새', 23), ('버스', 22), ('시청', 22), ('가격', 21), ('지하', 21), ('화장실', 21), ('청결', 20), ('불편', 19), ('교통', 17), ('정류장', 17), ('바닥', 17), ('주차', 16), ('예약', 16), ('소리', 15), ('시장', 15), ('입구', 15), ('침대', 14), ('운전', 13), ('편리', 13), ('주변', 13), ('편하', 13), ('저렴', 12), ('욕조', 11), ('방음', 11), ('조심', 11), ('협소', 11), ('편의점', 10), ('편의', 10), ('욕실', 10), ('컨디션', 10), ('프런트', 10), ('숙박', 10)]"
38,호텔위드 제주,"[('친절', 119), ('깨끗', 103), ('깔끔', 80), ('공항', 71), ('직원', 65), ('위치', 59), ('구성비', 54), ('화장실', 51), ('객실', 47), ('만족', 46), ('시설', 45), ('주차', 41), ('샤워', 37), ('괜찮', 35), ('샤워실', 34), ('수압', 32), ('편의점', 30), ('근처', 28), ('가깝', 28), ('불편', 28), ('청결', 26), ('주변', 25), ('냄새', 25), ('컨디션', 24), ('프런트', 23), ('예약', 23), ('침대', 23), ('가격', 22), ('편하', 20), ('서비스', 20), ('저렴', 19), ('청소', 18), ('발레', 18), ('경치', 17), ('방음', 16), ('에어컨', 16), ('업그레이드', 16), ('주차장', 15), ('감사', 15), ('접근성', 15), ('부스', 15), ('시내', 15), ('소리', 13), ('교통', 13), ('쾌적', 13), ('버스', 13), ('편의', 12), ('공간', 12), ('욕실', 12), ('분리', 12)]"
39,휘슬락 호텔,"[('친절', 89), ('깨끗', 76), ('경치', 75), ('공항', 72), ('수영장', 69), ('위치', 64), ('직원', 61), ('시설', 58), ('객실', 58), ('바다', 54), ('깔끔', 49), ('만족', 46), ('시장', 43), ('근처', 42), ('불편', 35), ('가깝', 34), ('주변', 34), ('침대', 33), ('청결', 30), ('구성비', 29), ('주차', 29), ('화장실', 25), ('전망', 25), ('테라스', 24), ('청소', 24), ('괜찮', 24), ('거리', 24), ('가격', 23), ('주차장', 22), ('접근성', 22), ('아쉽', 22), ('예약', 21), ('항구', 21), ('편하', 18), ('소리', 17), ('사람', 16), ('냄새', 16), ('에어컨', 15), ('수건', 15), ('수압', 15), ('공원', 15), ('사진', 15), ('상태', 14), ('컨디션', 13), ('서비스', 13), ('저렴', 13), ('욕실', 12), ('돼지', 12), ('체크인', 12), ('편의', 12)]"
40,히든 클리프 호텔 앤 네이쳐,"[('수영장', 85), ('친절', 56), ('직원', 33), ('파티', 31), ('깨끗', 29), ('시설', 25), ('경치', 25), ('서비스', 23), ('깔끔', 18), ('객실', 16), ('조식', 15), ('컨디션', 13), ('만족', 11), ('예약', 10), ('히든', 9), ('업그레이드', 9), ('맛있', 9), ('괜찮', 9), ('사람', 8), ('가격', 8), ('따뜻', 8), ('상태', 8), ('재밌', 8), ('감사', 6), ('온도', 6), ('청결', 6), ('화장실', 6), ('위치', 6), ('편의점', 6), ('영장', 6), ('특히', 6), ('부족', 6), ('아쉽', 6), ('룸서비스', 6), ('완벽', 5), ('성급', 5), ('체크인', 5), ('청소', 5), ('쾌적', 4), ('칫솔', 4), ('샤워', 4), ('방음', 4), ('힐링', 4), ('날씨', 4), ('아쉬웠', 4), ('수영', 4), ('필요', 4), ('침구', 4), ('푹신', 4), ('예쁘', 4)]"
